[{"pk": 19, "model": "auth.permission", "fields": {"codename": "add_logentry", "name": "Can add log entry", "content_type": 7}}, {"pk": 20, "model": "auth.permission", "fields": {"codename": "change_logentry", "name": "Can change log entry", "content_type": 7}}, {"pk": 21, "model": "auth.permission", "fields": {"codename": "delete_logentry", "name": "Can delete log entry", "content_type": 7}}, {"pk": 31, "model": "auth.permission", "fields": {"codename": "add_audit", "name": "Can add audit", "content_type": 11}}, {"pk": 32, "model": "auth.permission", "fields": {"codename": "change_audit", "name": "Can change audit", "content_type": 11}}, {"pk": 33, "model": "auth.permission", "fields": {"codename": "delete_audit", "name": "Can delete audit", "content_type": 11}}, {"pk": 4, "model": "auth.permission", "fields": {"codename": "add_group", "name": "Can add group", "content_type": 2}}, {"pk": 10, "model": "auth.permission", "fields": {"codename": "add_message", "name": "Can add message", "content_type": 4}}, {"pk": 1, "model": "auth.permission", "fields": {"codename": "add_permission", "name": "Can add permission", "content_type": 1}}, {"pk": 7, "model": "auth.permission", "fields": {"codename": "add_user", "name": "Can add user", "content_type": 3}}, {"pk": 5, "model": "auth.permission", "fields": {"codename": "change_group", "name": "Can change group", "content_type": 2}}, {"pk": 11, "model": "auth.permission", "fields": {"codename": "change_message", "name": "Can change message", "content_type": 4}}, {"pk": 2, "model": "auth.permission", "fields": {"codename": "change_permission", "name": "Can change permission", "content_type": 1}}, {"pk": 8, "model": "auth.permission", "fields": {"codename": "change_user", "name": "Can change user", "content_type": 3}}, {"pk": 6, "model": "auth.permission", "fields": {"codename": "delete_group", "name": "Can delete group", "content_type": 2}}, {"pk": 12, "model": "auth.permission", "fields": {"codename": "delete_message", "name": "Can delete message", "content_type": 4}}, {"pk": 3, "model": "auth.permission", "fields": {"codename": "delete_permission", "name": "Can delete permission", "content_type": 1}}, {"pk": 9, "model": "auth.permission", "fields": {"codename": "delete_user", "name": "Can delete user", "content_type": 3}}, {"pk": 40, "model": "auth.permission", "fields": {"codename": "add_component", "name": "Can add component", "content_type": 14}}, {"pk": 41, "model": "auth.permission", "fields": {"codename": "change_component", "name": "Can change component", "content_type": 14}}, {"pk": 42, "model": "auth.permission", "fields": {"codename": "delete_component", "name": "Can delete component", "content_type": 14}}, {"pk": 22, "model": "auth.permission", "fields": {"codename": "add_contenttype", "name": "Can add content type", "content_type": 8}}, {"pk": 23, "model": "auth.permission", "fields": {"codename": "change_contenttype", "name": "Can change content type", "content_type": 8}}, {"pk": 24, "model": "auth.permission", "fields": {"codename": "delete_contenttype", "name": "Can delete content type", "content_type": 8}}, {"pk": 16, "model": "auth.permission", "fields": {"codename": "add_evolution", "name": "Can add evolution", "content_type": 6}}, {"pk": 13, "model": "auth.permission", "fields": {"codename": "add_version", "name": "Can add version", "content_type": 5}}, {"pk": 17, "model": "auth.permission", "fields": {"codename": "change_evolution", "name": "Can change evolution", "content_type": 6}}, {"pk": 14, "model": "auth.permission", "fields": {"codename": "change_version", "name": "Can change version", "content_type": 5}}, {"pk": 18, "model": "auth.permission", "fields": {"codename": "delete_evolution", "name": "Can delete evolution", "content_type": 6}}, {"pk": 15, "model": "auth.permission", "fields": {"codename": "delete_version", "name": "Can delete version", "content_type": 5}}, {"pk": 43, "model": "auth.permission", "fields": {"codename": "add_pofile", "name": "Can add po file", "content_type": 15}}, {"pk": 49, "model": "auth.permission", "fields": {"codename": "add_pofilelock", "name": "Can add po file lock", "content_type": 17}}, {"pk": 46, "model": "auth.permission", "fields": {"codename": "add_pofilesubmit", "name": "Can add po file submit", "content_type": 16}}, {"pk": 44, "model": "auth.permission", "fields": {"codename": "change_pofile", "name": "Can change po file", "content_type": 15}}, {"pk": 50, "model": "auth.permission", "fields": {"codename": "change_pofilelock", "name": "Can change po file lock", "content_type": 17}}, {"pk": 47, "model": "auth.permission", "fields": {"codename": "change_pofilesubmit", "name": "Can change po file submit", "content_type": 16}}, {"pk": 45, "model": "auth.permission", "fields": {"codename": "delete_pofile", "name": "Can delete po file", "content_type": 15}}, {"pk": 51, "model": "auth.permission", "fields": {"codename": "delete_pofilelock", "name": "Can delete po file lock", "content_type": 17}}, {"pk": 48, "model": "auth.permission", "fields": {"codename": "delete_pofilesubmit", "name": "Can delete po file submit", "content_type": 16}}, {"pk": 52, "model": "auth.permission", "fields": {"codename": "add_language", "name": "Can add language", "content_type": 18}}, {"pk": 53, "model": "auth.permission", "fields": {"codename": "change_language", "name": "Can change language", "content_type": 18}}, {"pk": 54, "model": "auth.permission", "fields": {"codename": "delete_language", "name": "Can delete language", "content_type": 18}}, {"pk": 58, "model": "auth.permission", "fields": {"codename": "add_favorite", "name": "Can add favorite", "content_type": 20}}, {"pk": 61, "model": "auth.permission", "fields": {"codename": "add_userfile", "name": "Can add user file", "content_type": 21}}, {"pk": 59, "model": "auth.permission", "fields": {"codename": "change_favorite", "name": "Can change favorite", "content_type": 20}}, {"pk": 62, "model": "auth.permission", "fields": {"codename": "change_userfile", "name": "Can change user file", "content_type": 21}}, {"pk": 60, "model": "auth.permission", "fields": {"codename": "delete_favorite", "name": "Can delete favorite", "content_type": 20}}, {"pk": 63, "model": "auth.permission", "fields": {"codename": "delete_userfile", "name": "Can delete user file", "content_type": 21}}, {"pk": 34, "model": "auth.permission", "fields": {"codename": "add_project", "name": "Can add project", "content_type": 12}}, {"pk": 35, "model": "auth.permission", "fields": {"codename": "change_project", "name": "Can change project", "content_type": 12}}, {"pk": 36, "model": "auth.permission", "fields": {"codename": "delete_project", "name": "Can delete project", "content_type": 12}}, {"pk": 37, "model": "auth.permission", "fields": {"codename": "add_release", "name": "Can add release", "content_type": 13}}, {"pk": 38, "model": "auth.permission", "fields": {"codename": "change_release", "name": "Can change release", "content_type": 13}}, {"pk": 39, "model": "auth.permission", "fields": {"codename": "delete_release", "name": "Can delete release", "content_type": 13}}, {"pk": 25, "model": "auth.permission", "fields": {"codename": "add_session", "name": "Can add session", "content_type": 9}}, {"pk": 26, "model": "auth.permission", "fields": {"codename": "change_session", "name": "Can change session", "content_type": 9}}, {"pk": 27, "model": "auth.permission", "fields": {"codename": "delete_session", "name": "Can delete session", "content_type": 9}}, {"pk": 28, "model": "auth.permission", "fields": {"codename": "add_site", "name": "Can add site", "content_type": 10}}, {"pk": 29, "model": "auth.permission", "fields": {"codename": "change_site", "name": "Can change site", "content_type": 10}}, {"pk": 30, "model": "auth.permission", "fields": {"codename": "delete_site", "name": "Can delete site", "content_type": 10}}, {"pk": 55, "model": "auth.permission", "fields": {"codename": "add_team", "name": "Can add team", "content_type": 19}}, {"pk": 56, "model": "auth.permission", "fields": {"codename": "change_team", "name": "Can change team", "content_type": 19}}, {"pk": 57, "model": "auth.permission", "fields": {"codename": "delete_team", "name": "Can delete team", "content_type": 19}}, {"pk": 1, "model": "auth.group", "fields": {"name": "Default", "permissions": [40, 41, 49, 46, 50, 47, 51, 48, 58, 61, 59, 62, 60, 63, 34, 35, 37, 38]}}, {"pk": 1, "model": "auth.user", "fields": {"username": "admin", "first_name": "", "last_name": "", "is_active": 1, "is_superuser": 1, "is_staff": 1, "last_login": "2009-04-30 20:35:32", "groups": [], "user_permissions": [], "password": "sha1$6abe3$6b0298676b41504cbed36bc686260bffabd46577", "email": "admin@admin.com", "date_joined": "2009-04-30 20:35:00"}}, {"pk": 2, "model": "auth.user", "fields": {"username": "user1", "first_name": "", "last_name": "", "is_active": 1, "is_superuser": 0, "is_staff": 0, "last_login": "2009-04-30 20:43:34", "groups": [1], "user_permissions": [], "password": "sha1$c64c9$b3bf1f67d06a8afec264e5b645959b10ea5929b8", "email": "", "date_joined": "2009-04-30 20:43:34"}}, {"pk": 3, "model": "auth.user", "fields": {"username": "user2", "first_name": "", "last_name": "", "is_active": 1, "is_superuser": 0, "is_staff": 0, "last_login": "2009-04-30 20:43:39", "groups": [1], "user_permissions": [], "password": "sha1$d070d$1db8d8926dafe4221b9ab4b4cfdd3234a629fb63", "email": "", "date_joined": "2009-04-30 20:43:39"}}, {"pk": 4, "model": "auth.user", "fields": {"username": "user3", "first_name": "", "last_name": "", "is_active": 1, "is_superuser": 0, "is_staff": 0, "last_login": "2009-04-30 20:43:44", "groups": [1], "user_permissions": [], "password": "sha1$98ade$1be4c58b14c686e2636c973f3175c32aaa84eb3d", "email": "", "date_joined": "2009-04-30 20:43:44"}}, {"pk": 5, "model": "auth.user", "fields": {"username": "user4", "first_name": "", "last_name": "", "is_active": 1, "is_superuser": 0, "is_staff": 0, "last_login": "2009-04-30 20:43:49", "groups": [1], "user_permissions": [], "password": "sha1$e4369$c86de11f4b26545e1e2969b55827f2a0606a3069", "email": "", "date_joined": "2009-04-30 20:43:49"}}, {"pk": 6, "model": "auth.user", "fields": {"username": "user5", "first_name": "", "last_name": "", "is_active": 1, "is_superuser": 0, "is_staff": 0, "last_login": "2009-04-30 20:43:54", "groups": [1], "user_permissions": [], "password": "sha1$39be7$e7735d7f2c4c8e7398ce17c2b5f30e6d4ad17a8e", "email": "", "date_joined": "2009-04-30 20:43:54"}}, {"pk": 1, "model": "django_evolution.version", "fields": {"when": "2009-05-02 14:12:09", "signature": "(dp1\nS'files'\np2\n(dp3\nS'POFileSubmit'\np4\n(dp5\nS'fields'\np6\n(dp7\nS'created'\np8\n(dp9\nS'field_type'\np10\ncdjango.db.models.fields\nDateTimeField\np11\nssS'enabled'\np12\n(dp13\ng10\ncdjango.db.models.fields\nBooleanField\np14\nssS'pofile'\np15\n(dp16\ng10\ncdjango.db.models.fields.related\nForeignKey\np17\nsS'null'\np18\nI01\nsS'related_model'\np19\nS'files.POFile'\np20\nssS'file'\np21\n(dp22\ng10\ncdjango.db.models.fields.files\nFileField\np23\nsS'max_length'\np24\nI100\nssS'owner'\np25\n(dp26\ng10\ng17\nsg19\nS'auth.User'\np27\nssS'id'\np28\n(dp29\ng10\ncdjango.db.models.fields\nAutoField\np30\nsS'primary_key'\np31\nI01\nsssS'meta'\np32\n(dp33\nS'unique_together'\np34\n((S'pofile'\nS'owner'\nttp35\nsS'db_table'\np36\nS'pofile_submit'\np37\nsS'db_tablespace'\np38\nS''\nsS'pk_column'\np39\ng28\nsssS'POFileLock'\np40\n(dp41\ng6\n(dp42\ng25\n(dp43\ng10\ng17\nsg19\nS'auth.User'\np44\nssg8\n(dp45\ng10\ng11\nssg28\n(dp46\ng10\ng30\nsg31\nI01\nssg15\n(dp47\ng10\ng17\nsg18\nI01\nsg19\nS'files.POFile'\np48\nsssg32\n(dp49\ng34\n((S'pofile'\nS'owner'\nttp50\nsg36\nS'pofile_lock'\np51\nsg38\nS''\nsg39\ng28\nsssS'POFile'\np52\n(dp53\ng6\n(dp54\nS'untrans'\np55\n(dp56\ng10\ncdjango.db.models.fields\nPositiveIntegerField\np57\nssS'total'\np58\n(dp59\ng10\ng57\nssS'fuzzy_perc'\np60\n(dp61\ng10\ng57\nssS'language'\np62\n(dp63\ng10\ng17\nsg18\nI01\nsg19\nS'languages.Language'\np64\nssg8\n(dp65\ng10\ng11\nssS'trans_perc'\np66\n(dp67\ng10\ng57\nssS'component'\np68\n(dp69\ng10\ng17\nsg19\nS'components.Component'\np70\nssS'filename'\np71\n(dp72\ng10\ncdjango.db.models.fields\nCharField\np73\nsg24\nI255\nssS'slug'\np74\n(dp75\ng10\ncdjango.db.models.fields\nSlugField\np76\nsg24\nI255\nsS'db_index'\np77\nI01\nssS'release'\np78\n(dp79\ng10\ng17\nsg19\nS'releases.Release'\np80\nssS'modified'\np81\n(dp82\ng10\ng11\nssS'untrans_perc'\np83\n(dp84\ng10\ng57\nssS'fuzzy'\np85\n(dp86\ng10\ng57\nssS'trans'\np87\n(dp88\ng10\ng57\nssg28\n(dp89\ng10\ng30\nsg31\nI01\nsssg32\n(dp90\ng34\n((S'language'\nS'component'\nS'release'\nS'filename'\nttp91\nsg36\ng15\nsg38\nS''\nsg39\ng28\nssssS'profile'\np92\n(dp93\nS'Favorite'\np94\n(dp95\ng6\n(dp96\nS'url'\np97\n(dp98\ng10\ncdjango.db.models.fields\nURLField\np99\nsg24\nI200\nssS'user'\np100\n(dp101\ng10\ng17\nsg19\nS'auth.User'\np102\nssg28\n(dp103\ng10\ng30\nsg31\nI01\nssg8\n(dp104\ng10\ng11\nsssg32\n(dp105\ng34\n((S'url'\nS'user'\nttp106\nsg36\nS'user_favorites'\np107\nsg38\nS''\nsg39\ng28\nsssS'UserFile'\np108\n(dp109\ng6\n(dp110\ng100\n(dp111\ng10\ng17\nsg19\nS'auth.User'\np112\nssS'last_update'\np113\n(dp114\ng10\ng11\nssg28\n(dp115\ng10\ng30\nsg31\nI01\nssg15\n(dp116\ng10\ng17\nsg19\nS'files.POFile'\np117\nsssg32\n(dp118\ng34\n((S'pofile'\nS'user'\nttp119\nsg36\nS'user_files'\np120\nsg38\nS''\nsg39\ng28\nssssS'pagination'\np121\n(dp122\nsS'releases'\np123\n(dp124\nS'Release'\np125\n(dp126\ng6\n(dp127\nS'read_only'\np128\n(dp129\ng10\ng14\nssS'name'\np130\n(dp131\ng10\ng73\nsg24\nI50\nssg8\n(dp132\ng10\ng11\nssS'vcsbranch'\np133\n(dp134\ng10\ng73\nsg24\nI200\nssg12\n(dp135\ng10\ng14\nssg81\n(dp136\ng10\ng11\nssg74\n(dp137\ng10\ncmodel.fields\nAutoSlugField\np138\nsS'unique'\np139\nI01\nsg24\nI50\nsg77\nI01\nssS'project'\np140\n(dp141\ng10\ng17\nsg19\nS'projects.Project'\np142\nssS'hidden'\np143\n(dp144\ng10\ng14\nssg28\n(dp145\ng10\ng30\nsg31\nI01\nsssg32\n(dp146\ng34\n((S'project'\nS'name'\nttp147\nsg36\nS'releases'\np148\nsg38\nS''\nsg39\ng28\nssssS'sessions'\np149\n(dp150\nS'Session'\np151\n(dp152\ng6\n(dp153\nS'session_key'\np154\n(dp155\ng10\ng73\nsg24\nI40\nsg31\nI01\nssS'expire_date'\np156\n(dp157\ng10\ng11\nssS'session_data'\np158\n(dp159\ng10\ncdjango.db.models.fields\nTextField\np160\nsssg32\n(dp161\ng34\n(lp162\nsg36\nS'django_session'\np163\nsg38\nS''\nsg39\ng154\nssssS'admin'\np164\n(dp165\nS'LogEntry'\np166\n(dp167\ng6\n(dp168\nS'action_flag'\np169\n(dp170\ng10\ncdjango.db.models.fields\nPositiveSmallIntegerField\np171\nssS'action_time'\np172\n(dp173\ng10\ng11\nssS'object_repr'\np174\n(dp175\ng10\ng73\nsg24\nI200\nssS'object_id'\np176\n(dp177\ng10\ng160\nsg18\nI01\nssS'change_message'\np178\n(dp179\ng10\ng160\nssg100\n(dp180\ng10\ng17\nsg19\nS'auth.User'\np181\nssS'content_type'\np182\n(dp183\ng10\ng17\nsg18\nI01\nsg19\nS'contenttypes.ContentType'\np184\nssg28\n(dp185\ng10\ng30\nsg31\nI01\nsssg32\n(dp186\ng34\n(lp187\nsg36\nS'django_admin_log'\np188\nsg38\nS''\nsg39\ng28\nssssS'markup'\np189\n(dp190\nsS'db'\np191\n(dp192\nsS'sites'\np193\n(dp194\nS'Site'\np195\n(dp196\ng6\n(dp197\nS'domain'\np198\n(dp199\ng10\ng73\nsg24\nI100\nssg28\n(dp200\ng10\ng30\nsg31\nI01\nssg130\n(dp201\ng10\ng73\nsg24\nI50\nsssg32\n(dp202\ng34\n(lp203\nsg36\nS'django_site'\np204\nsg38\nS''\nsg39\ng28\nssssS'auth'\np205\n(dp206\nS'Message'\np207\n(dp208\ng6\n(dp209\nS'message'\np210\n(dp211\ng10\ng160\nssg28\n(dp212\ng10\ng30\nsg31\nI01\nssg100\n(dp213\ng10\ng17\nsg19\nS'auth.User'\np214\nsssg32\n(dp215\ng34\n(lp216\nsg36\nS'auth_message'\np217\nsg38\nS''\nsg39\ng28\nsssS'Group'\np218\n(dp219\ng6\n(dp220\nS'permissions'\np221\n(dp222\ng10\ncdjango.db.models.fields.related\nManyToManyField\np223\nsg19\nS'auth.Permission'\np224\nssg28\n(dp225\ng10\ng30\nsg31\nI01\nssg130\n(dp226\ng10\ng73\nsg139\nI01\nsg24\nI80\nsssg32\n(dp227\ng34\n(lp228\nsg36\nS'auth_group'\np229\nsg38\nS''\nsg39\ng28\nsssS'User'\np230\n(dp231\ng6\n(dp232\nS'username'\np233\n(dp234\ng10\ng73\nsg139\nI01\nsg24\nI30\nssS'first_name'\np235\n(dp236\ng10\ng73\nsg24\nI30\nssS'last_name'\np237\n(dp238\ng10\ng73\nsg24\nI30\nssS'is_active'\np239\n(dp240\ng10\ng14\nssS'email'\np241\n(dp242\ng10\ncdjango.db.models.fields\nEmailField\np243\nsg24\nI75\nssS'is_superuser'\np244\n(dp245\ng10\ng14\nssS'is_staff'\np246\n(dp247\ng10\ng14\nssS'last_login'\np248\n(dp249\ng10\ng11\nssS'groups'\np250\n(dp251\ng10\ng223\nsg19\nS'auth.Group'\np252\nssS'user_permissions'\np253\n(dp254\ng10\ng223\nsg19\nS'auth.Permission'\np255\nssS'password'\np256\n(dp257\ng10\ng73\nsg24\nI128\nssg28\n(dp258\ng10\ng30\nsg31\nI01\nssS'date_joined'\np259\n(dp260\ng10\ng11\nsssg32\n(dp261\ng34\n(lp262\nsg36\nS'auth_user'\np263\nsg38\nS''\nsg39\ng28\nsssS'Permission'\np264\n(dp265\ng6\n(dp266\nS'codename'\np267\n(dp268\ng10\ng73\nsg24\nI100\nssg28\n(dp269\ng10\ng30\nsg31\nI01\nssg182\n(dp270\ng10\ng17\nsg19\nS'contenttypes.ContentType'\np271\nssg130\n(dp272\ng10\ng73\nsg24\nI50\nsssg32\n(dp273\ng34\n((S'content_type'\nS'codename'\nttp274\nsg36\nS'auth_permission'\np275\nsg38\nS''\nsg39\ng28\nssssS'teams'\np276\n(dp277\nS'Team'\np278\n(dp279\ng6\n(dp280\ng140\n(dp281\ng10\ng17\nsg19\nS'projects.Project'\np282\nssS'coordinators'\np283\n(dp284\ng10\ng223\nsg18\nI01\nsg19\nS'auth.User'\np285\nssS'members'\np286\n(dp287\ng10\ng223\nsg18\nI01\nsg19\nS'auth.User'\np288\nssg28\n(dp289\ng10\ng30\nsg31\nI01\nssg62\n(dp290\ng10\ng17\nsg19\nS'languages.Language'\np291\nsssg32\n(dp292\ng34\n((S'language'\nS'project'\nttp293\nsg36\nS'teams'\np294\nsg38\nS''\nsg39\ng28\nssssS'languages'\np295\n(dp296\nS'Language'\np297\n(dp298\ng6\n(dp299\nS'code'\np300\n(dp301\ng10\ng73\nsg139\nI01\nsg24\nI50\nssg28\n(dp302\ng10\ng30\nsg31\nI01\nssg130\n(dp303\ng10\ng73\nsg139\nI01\nsg24\nI50\nsssg32\n(dp304\ng34\n(lp305\nsg36\ng62\nsg38\nS''\nsg39\ng28\nssssS'contenttypes'\np306\n(dp307\nS'ContentType'\np308\n(dp309\ng6\n(dp310\nS'model'\np311\n(dp312\ng10\ng73\nsg24\nI100\nssS'app_label'\np313\n(dp314\ng10\ng73\nsg24\nI100\nssg28\n(dp315\ng10\ng30\nsg31\nI01\nssg130\n(dp316\ng10\ng73\nsg24\nI100\nsssg32\n(dp317\ng34\n((S'app_label'\nS'model'\nttp318\nsg36\nS'django_content_type'\np319\nsg38\nS''\nsg39\ng28\nssssS'auditor'\np320\n(dp321\nS'Audit'\np322\n(dp323\ng6\n(dp324\ng169\n(dp325\ng10\ng73\nsg24\nI1\nsg77\nI01\nssg8\n(dp326\ng10\ng11\nssg174\n(dp327\ng10\ng73\nsg24\nI255\nssg176\n(dp328\ng10\ng160\nsg18\nI01\nssg100\n(dp329\ng10\ng17\nsg19\nS'auth.User'\np330\nssg28\n(dp331\ng10\ng30\nsg31\nI01\nsssg32\n(dp332\ng34\n(lp333\nsg36\nS'audit'\np334\nsg38\nS''\nsg39\ng28\nssssS'components'\np335\n(dp336\nS'Component'\np337\n(dp338\ng6\n(dp339\ng130\n(dp340\ng10\ng73\nsg24\nI50\nssg8\n(dp341\ng10\ng11\nssS'vcspath'\np342\n(dp343\ng10\ng73\nsg24\nI200\nssg81\n(dp344\ng10\ng11\nssg74\n(dp345\ng10\ng138\nsg139\nI01\nsg24\nI50\nsg77\nI01\nssg140\n(dp346\ng10\ng17\nsg19\nS'projects.Project'\np347\nssg28\n(dp348\ng10\ng30\nsg31\nI01\nsssg32\n(dp349\ng34\n((S'project'\nS'name'\nttp350\nsg36\nS'components'\np351\nsg38\nS''\nsg39\ng28\nssssS'django_evolution'\np352\n(dp353\nS'Evolution'\np354\n(dp355\ng6\n(dp356\nS'label'\np357\n(dp358\ng10\ng73\nsg24\nI100\nssS'version'\np359\n(dp360\ng10\ng17\nsg19\nS'django_evolution.Version'\np361\nssg28\n(dp362\ng10\ng30\nsg31\nI01\nssg313\n(dp363\ng10\ng73\nsg24\nI200\nsssg32\n(dp364\ng34\n(lp365\nsg36\nS'django_evolution'\np366\nsg38\nS''\nsg39\ng28\nsssS'Version'\np367\n(dp368\ng6\n(dp369\nS'when'\np370\n(dp371\ng10\ng11\nssg28\n(dp372\ng10\ng30\nsg31\nI01\nssS'signature'\np373\n(dp374\ng10\ng160\nsssg32\n(dp375\ng34\n(lp376\nsg36\nS'django_project_version'\np377\nsg38\nS''\nsg39\ng28\nssssS'__version__'\np378\nI1\nsS'projects'\np379\n(dp380\nS'Project'\np381\n(dp382\ng6\n(dp383\ng128\n(dp384\ng10\ng14\nssS'description'\np385\n(dp386\ng10\ng73\nsg24\nI200\nssg8\n(dp387\ng10\ng11\nssg12\n(dp388\ng10\ng14\nssg81\n(dp389\ng10\ng11\nssg74\n(dp390\ng10\ng138\nsg139\nI01\nsg24\nI50\nsg77\nI01\nssS'maintainers'\np391\n(dp392\ng10\ng223\nsg18\nI01\nsg19\nS'auth.User'\np393\nssg143\n(dp394\ng10\ng14\nssS'vcsurl'\np395\n(dp396\ng10\ng99\nsg24\nI200\nssg28\n(dp397\ng10\ng30\nsg31\nI01\nssg130\n(dp398\ng10\ng73\nsg139\nI01\nsg24\nI50\nsssg32\n(dp399\ng34\n(lp400\nsg36\nS'projects'\np401\nsg38\nS''\nsg39\ng28\nssss."}}, {"pk": 11, "model": "contenttypes.contenttype", "fields": {"model": "audit", "name": "audit", "app_label": "auditor"}}, {"pk": 14, "model": "contenttypes.contenttype", "fields": {"model": "component", "name": "component", "app_label": "components"}}, {"pk": 8, "model": "contenttypes.contenttype", "fields": {"model": "contenttype", "name": "content type", "app_label": "contenttypes"}}, {"pk": 6, "model": "contenttypes.contenttype", "fields": {"model": "evolution", "name": "evolution", "app_label": "django_evolution"}}, {"pk": 20, "model": "contenttypes.contenttype", "fields": {"model": "favorite", "name": "favorite", "app_label": "profile"}}, {"pk": 2, "model": "contenttypes.contenttype", "fields": {"model": "group", "name": "group", "app_label": "auth"}}, {"pk": 18, "model": "contenttypes.contenttype", "fields": {"model": "language", "name": "language", "app_label": "languages"}}, {"pk": 7, "model": "contenttypes.contenttype", "fields": {"model": "logentry", "name": "log entry", "app_label": "admin"}}, {"pk": 4, "model": "contenttypes.contenttype", "fields": {"model": "message", "name": "message", "app_label": "auth"}}, {"pk": 1, "model": "contenttypes.contenttype", "fields": {"model": "permission", "name": "permission", "app_label": "auth"}}, {"pk": 15, "model": "contenttypes.contenttype", "fields": {"model": "pofile", "name": "po file", "app_label": "files"}}, {"pk": 17, "model": "contenttypes.contenttype", "fields": {"model": "pofilelock", "name": "po file lock", "app_label": "files"}}, {"pk": 16, "model": "contenttypes.contenttype", "fields": {"model": "pofilesubmit", "name": "po file submit", "app_label": "files"}}, {"pk": 12, "model": "contenttypes.contenttype", "fields": {"model": "project", "name": "project", "app_label": "projects"}}, {"pk": 13, "model": "contenttypes.contenttype", "fields": {"model": "release", "name": "release", "app_label": "releases"}}, {"pk": 9, "model": "contenttypes.contenttype", "fields": {"model": "session", "name": "session", "app_label": "sessions"}}, {"pk": 10, "model": "contenttypes.contenttype", "fields": {"model": "site", "name": "site", "app_label": "sites"}}, {"pk": 19, "model": "contenttypes.contenttype", "fields": {"model": "team", "name": "team", "app_label": "teams"}}, {"pk": 3, "model": "contenttypes.contenttype", "fields": {"model": "user", "name": "user", "app_label": "auth"}}, {"pk": 21, "model": "contenttypes.contenttype", "fields": {"model": "userfile", "name": "user file", "app_label": "profile"}}, {"pk": 5, "model": "contenttypes.contenttype", "fields": {"model": "version", "name": "version", "app_label": "django_evolution"}}, {"pk": 1, "model": "sites.site", "fields": {"domain": "localhost:8000", "name": "localhost:8000"}}, {"pk": 1, "model": "projects.project", "fields": {"read_only": 0, "description": "description", "created": "2009-04-30 20:36:08", "enabled": 1, "modified": "2009-04-30 22:02:43", "vcsurl": "http://www.opensuse.org/", "maintainers": [1, 2], "hidden": 0, "slug": "projecto-1", "name": "Projecto 1"}}, {"pk": 2, "model": "projects.project", "fields": {"read_only": 0, "description": "description", "created": "2009-04-30 20:36:28", "enabled": 1, "modified": "2009-04-30 20:48:11", "vcsurl": "http://www.opensuse.org/", "maintainers": [1, 3], "hidden": 0, "slug": "projecto-2", "name": "Projecto 2"}}, {"pk": 3, "model": "projects.project", "fields": {"read_only": 0, "description": "description", "created": "2009-04-30 20:36:42", "enabled": 1, "modified": "2009-04-30 20:48:22", "vcsurl": "http://www.opensuse.org/", "maintainers": [1, 4], "hidden": 0, "slug": "projecto-3", "name": "Projecto 3"}}, {"pk": 4, "model": "projects.project", "fields": {"read_only": 0, "description": "description", "created": "2009-04-30 20:36:57", "enabled": 1, "modified": "2009-04-30 20:48:28", "vcsurl": "http://www.opensuse.org/", "maintainers": [1, 5], "hidden": 0, "slug": "projecto-4", "name": "Projecto 4"}}, {"pk": 1, "model": "releases.release", "fields": {"read_only": 0, "name": "Release 1", "created": "2009-04-30 20:37:30", "vcsbranch": "/release/", "enabled": 1, "modified": "2009-04-30 20:37:30", "project": 1, "hidden": 0, "slug": "release-1"}}, {"pk": 13, "model": "releases.release", "fields": {"read_only": 0, "name": "Release 1", "created": "2009-04-30 20:37:30", "vcsbranch": "/release/", "enabled": 1, "modified": "2009-04-30 20:37:30", "project": 4, "hidden": 0, "slug": "release-13"}}, {"pk": 9, "model": "releases.release", "fields": {"read_only": 0, "name": "Release 1", "created": "2009-04-30 20:37:30", "vcsbranch": "/release/", "enabled": 1, "modified": "2009-04-30 20:37:30", "project": 3, "hidden": 0, "slug": "release-12"}}, {"pk": 5, "model": "releases.release", "fields": {"read_only": 0, "name": "Release 1", "created": "2009-04-30 20:37:30", "vcsbranch": "/release/", "enabled": 1, "modified": "2009-04-30 20:37:30", "project": 2, "hidden": 0, "slug": "release-11"}}, {"pk": 2, "model": "releases.release", "fields": {"read_only": 0, "name": "Release 2", "created": "2009-04-30 20:37:30", "vcsbranch": "/release/", "enabled": 1, "modified": "2009-04-30 20:37:30", "project": 1, "hidden": 0, "slug": "release-2"}}, {"pk": 14, "model": "releases.release", "fields": {"read_only": 0, "name": "Release 2", "created": "2009-04-30 20:37:30", "vcsbranch": "/release/", "enabled": 1, "modified": "2009-04-30 20:37:30", "project": 4, "hidden": 0, "slug": "release-24"}}, {"pk": 10, "model": "releases.release", "fields": {"read_only": 0, "name": "Release 2", "created": "2009-04-30 20:37:30", "vcsbranch": "/release/", "enabled": 1, "modified": "2009-04-30 20:37:30", "project": 3, "hidden": 0, "slug": "release-23"}}, {"pk": 6, "model": "releases.release", "fields": {"read_only": 0, "name": "Release 2", "created": "2009-04-30 20:37:30", "vcsbranch": "/release/", "enabled": 1, "modified": "2009-04-30 20:37:30", "project": 2, "hidden": 0, "slug": "release-22"}}, {"pk": 3, "model": "releases.release", "fields": {"read_only": 0, "name": "Release 3", "created": "2009-04-30 20:37:30", "vcsbranch": "/release/", "enabled": 1, "modified": "2009-04-30 20:37:30", "project": 1, "hidden": 0, "slug": "release-3"}}, {"pk": 15, "model": "releases.release", "fields": {"read_only": 0, "name": "Release 3", "created": "2009-04-30 20:37:30", "vcsbranch": "/release/", "enabled": 1, "modified": "2009-04-30 20:37:30", "project": 4, "hidden": 0, "slug": "release-35"}}, {"pk": 7, "model": "releases.release", "fields": {"read_only": 0, "name": "Release 3", "created": "2009-04-30 20:37:30", "vcsbranch": "/release/", "enabled": 1, "modified": "2009-04-30 20:37:30", "project": 2, "hidden": 0, "slug": "release-33"}}, {"pk": 11, "model": "releases.release", "fields": {"read_only": 0, "name": "Release 3", "created": "2009-04-30 20:37:30", "vcsbranch": "/release/", "enabled": 1, "modified": "2009-04-30 20:37:30", "project": 3, "hidden": 0, "slug": "release-34"}}, {"pk": 12, "model": "releases.release", "fields": {"read_only": 0, "name": "Release 4", "created": "2009-04-30 20:37:30", "vcsbranch": "/release/", "enabled": 1, "modified": "2009-04-30 20:37:30", "project": 3, "hidden": 0, "slug": "release-45"}}, {"pk": 4, "model": "releases.release", "fields": {"read_only": 0, "name": "Release 4", "created": "2009-04-30 20:37:30", "vcsbranch": "/release/", "enabled": 1, "modified": "2009-04-30 20:37:30", "project": 1, "hidden": 0, "slug": "release-4"}}, {"pk": 8, "model": "releases.release", "fields": {"read_only": 0, "name": "Release 4", "created": "2009-04-30 20:37:30", "vcsbranch": "/release/", "enabled": 1, "modified": "2009-04-30 20:37:30", "project": 2, "hidden": 0, "slug": "release-44"}}, {"pk": 16, "model": "releases.release", "fields": {"read_only": 0, "name": "Release 4", "created": "2009-04-30 20:37:30", "vcsbranch": "/release/", "enabled": 1, "modified": "2009-04-30 20:37:30", "project": 4, "hidden": 0, "slug": "release-46"}}, {"pk": 1, "model": "components.component", "fields": {"name": "Component 1", "created": "2009-04-30 20:41:09", "vcspath": "comp1/", "modified": "2009-04-30 20:41:09", "project": 1, "slug": "component-1"}}, {"pk": 10, "model": "components.component", "fields": {"name": "Component 1", "created": "2009-04-30 20:41:09", "vcspath": "comp1/", "modified": "2009-04-30 20:41:09", "project": 4, "slug": "component-14"}}, {"pk": 7, "model": "components.component", "fields": {"name": "Component 1", "created": "2009-04-30 20:41:09", "vcspath": "comp1/", "modified": "2009-04-30 20:41:09", "project": 3, "slug": "component-13"}}, {"pk": 4, "model": "components.component", "fields": {"name": "Component 1", "created": "2009-04-30 20:41:09", "vcspath": "comp1/", "modified": "2009-04-30 20:41:09", "project": 2, "slug": "component-12"}}, {"pk": 11, "model": "components.component", "fields": {"name": "Component 2", "created": "2009-04-30 20:41:09", "vcspath": "comp1/", "modified": "2009-04-30 20:41:09", "project": 4, "slug": "component-24"}}, {"pk": 2, "model": "components.component", "fields": {"name": "Component 2", "created": "2009-04-30 20:41:09", "vcspath": "comp1/", "modified": "2009-04-30 20:41:09", "project": 1, "slug": "component-2"}}, {"pk": 8, "model": "components.component", "fields": {"name": "Component 2", "created": "2009-04-30 20:41:09", "vcspath": "comp1/", "modified": "2009-04-30 20:41:09", "project": 3, "slug": "component-23"}}, {"pk": 5, "model": "components.component", "fields": {"name": "Component 2", "created": "2009-04-30 20:41:09", "vcspath": "comp1/", "modified": "2009-04-30 20:41:09", "project": 2, "slug": "component-22"}}, {"pk": 6, "model": "components.component", "fields": {"name": "Component 3", "created": "2009-04-30 20:41:09", "vcspath": "comp1/", "modified": "2009-04-30 20:41:09", "project": 2, "slug": "component-32"}}, {"pk": 3, "model": "components.component", "fields": {"name": "Component 3", "created": "2009-04-30 20:41:09", "vcspath": "comp1/", "modified": "2009-04-30 20:41:09", "project": 1, "slug": "component-3"}}, {"pk": 9, "model": "components.component", "fields": {"name": "Component 3", "created": "2009-04-30 20:41:09", "vcspath": "comp1/", "modified": "2009-04-30 20:41:09", "project": 3, "slug": "component-33"}}, {"pk": 12, "model": "components.component", "fields": {"name": "Component 3", "created": "2009-04-30 20:41:09", "vcspath": "comp1/", "modified": "2009-04-30 20:41:09", "project": 4, "slug": "component-34"}}, {"pk": 114, "model": "files.pofile", "fields": {"untrans": 300, "total": 500, "language": 1, "created": "2009-04-30 20:53:13", "trans_perc": 20, "component": 6, "modified": "2009-04-30 20:53:13", "filename": "users.af.po", "release": 10, "fuzzy_perc": 20, "untrans_perc": 60, "fuzzy": 100, "trans": 100, "slug": "release-23-component-32-users-af-po"}}, {"pk": 89, "model": "files.pofile", "fields": {"untrans": 300, "total": 500, "language": 1, "created": "2009-04-30 20:53:13", "trans_perc": 20, "component": 5, "modified": "2009-04-30 20:53:13", "filename": "users.af.po", "release": 8, "fuzzy_perc": 20, "untrans_perc": 60, "fuzzy": 100, "trans": 100, "slug": "release-44-component-22-users-af-po"}}, {"pk": 139, "model": "files.pofile", "fields": {"untrans": 300, "total": 500, "language": 1, "created": "2009-04-30 20:53:13", "trans_perc": 20, "component": 7, "modified": "2009-04-30 20:53:13", "filename": "users.af.po", "release": 12, "fuzzy_perc": 20, "untrans_perc": 60, "fuzzy": 100, "trans": 100, "slug": "release-45-component-13-users-af-po"}}, {"pk": 158, "model": "files.pofile", "fields": {"untrans": 300, "total": 500, "language": 1, "created": "2009-04-30 20:53:13", "trans_perc": 20, "component": 2, "modified": "2009-04-30 20:53:13", "filename": "users.af.po", "release": 14, "fuzzy_perc": 20, "untrans_perc": 60, "fuzzy": 100, "trans": 100, "slug": "release-24-component-2-users-af-po"}}, {"pk": 5, "model": "files.pofile", "fields": {"untrans": 300, "total": 500, "language": 1, "created": "2009-04-30 20:53:13", "trans_perc": 20, "component": 5, "modified": "2009-04-30 20:53:13", "filename": "users.af.po", "release": 1, "fuzzy_perc": 20, "untrans_perc": 60, "fuzzy": 100, "trans": 100, "slug": "release-1-component-22-users-af-po"}}, {"pk": 172, "model": "files.pofile", "fields": {"untrans": 300, "total": 500, "language": 1, "created": "2009-04-30 20:53:13", "trans_perc": 20, "component": 4, "modified": "2009-04-30 20:53:13", "filename": "users.af.po", "release": 15, "fuzzy_perc": 20, "untrans_perc": 60, "fuzzy": 100, "trans": 100, "slug": "release-35-component-12-users-af-po"}}, {"pk": 63, "model": "files.pofile", "fields": {"untrans": 300, "total": 500, "language": 1, "created": "2009-04-30 20:53:13", "trans_perc": 20, "component": 3, "modified": "2009-04-30 20:53:13", "filename": "users.af.po", "release": 6, "fuzzy_perc": 20, "untrans_perc": 60, "fuzzy": 100, "trans": 100, "slug": "release-22-component-3-users-af-po"}}, {"pk": 49, "model": "files.pofile", "fields": {"untrans": 300, "total": 500, "language": 1, "created": "2009-04-30 20:53:13", "trans_perc": 20, "component": 1, "modified": "2009-04-30 20:53:13", "filename": "users.af.po", "release": 5, "fuzzy_perc": 20, "untrans_perc": 60, "fuzzy": 100, "trans": 100, "slug": "release-11-component-1-users-af-po"}}, {"pk": 24, "model": "files.pofile", "fields": {"untrans": 300, "total": 500, "language": 1, "created": "2009-04-30 20:53:13", "trans_perc": 20, "component": 12, "modified": "2009-04-30 20:53:13", "filename": "users.af.po", "release": 2, "fuzzy_perc": 20, "untrans_perc": 60, "fuzzy": 100, "trans": 100, "slug": "release-2-component-34-users-af-po"}}, {"pk": 82, "model": "files.pofile", "fields": {"untrans": 300, "total": 500, "language": 1, "created": "2009-04-30 20:53:13", "trans_perc": 20, "component": 10, "modified": "2009-04-30 20:53:13", "filename": "users.af.po", "release": 7, "fuzzy_perc": 20, "untrans_perc": 60, "fuzzy": 100, "trans": 100, "slug": "release-33-component-14-users-af-po"}}, {"pk": 132, "model": "files.pofile", "fields": {"untrans": 300, "total": 500, "language": 1, "created": "2009-04-30 20:53:13", "trans_perc": 20, "component": 12, "modified": "2009-04-30 20:53:13", "filename": "users.af.po", "release": 11, "fuzzy_perc": 20, "untrans_perc": 60, "fuzzy": 100, "trans": 100, "slug": "release-34-component-34-users-af-po"}}, {"pk": 107, "model": "files.pofile", "fields": {"untrans": 300, "total": 500, "language": 1, "created": "2009-04-30 20:53:13", "trans_perc": 20, "component": 11, "modified": "2009-04-30 20:53:13", "filename": "users.af.po", "release": 9, "fuzzy_perc": 20, "untrans_perc": 60, "fuzzy": 100, "trans": 100, "slug": "release-12-component-24-users-af-po"}}, {"pk": 190, "model": "files.pofile", "fields": {"untrans": 300, "total": 500, "language": 1, "created": "2009-04-30 20:53:13", "trans_perc": 20, "component": 10, "modified": "2009-04-30 20:53:13", "filename": "users.af.po", "release": 16, "fuzzy_perc": 20, "untrans_perc": 60, "fuzzy": 100, "trans": 100, "slug": "release-46-component-14-users-af-po"}}, {"pk": 165, "model": "files.pofile", "fields": {"untrans": 300, "total": 500, "language": 1, "created": "2009-04-30 20:53:13", "trans_perc": 20, "component": 9, "modified": "2009-04-30 20:53:13", "filename": "users.af.po", "release": 14, "fuzzy_perc": 20, "untrans_perc": 60, "fuzzy": 100, "trans": 100, "slug": "release-24-component-33-users-af-po"}}, {"pk": 151, "model": "files.pofile", "fields": {"untrans": 300, "total": 500, "language": 1, "created": "2009-04-30 20:53:13", "trans_perc": 20, "component": 7, "modified": "2009-04-30 20:53:13", "filename": "users.af.po", "release": 13, "fuzzy_perc": 20, "untrans_perc": 60, "fuzzy": 100, "trans": 100, "slug": "release-13-component-13-users-af-po"}}, {"pk": 42, "model": "files.pofile", "fields": {"untrans": 300, "total": 500, "language": 1, "created": "2009-04-30 20:53:13", "trans_perc": 20, "component": 6, "modified": "2009-04-30 20:53:13", "filename": "users.af.po", "release": 4, "fuzzy_perc": 20, "untrans_perc": 60, "fuzzy": 100, "trans": 100, "slug": "release-4-component-32-users-af-po"}}, {"pk": 17, "model": "files.pofile", "fields": {"untrans": 300, "total": 500, "language": 1, "created": "2009-04-30 20:53:13", "trans_perc": 20, "component": 5, "modified": "2009-04-30 20:53:13", "filename": "users.af.po", "release": 2, "fuzzy_perc": 20, "untrans_perc": 60, "fuzzy": 100, "trans": 100, "slug": "release-2-component-22-users-af-po"}}, {"pk": 184, "model": "files.pofile", "fields": {"untrans": 300, "total": 500, "language": 1, "created": "2009-04-30 20:53:13", "trans_perc": 20, "component": 4, "modified": "2009-04-30 20:53:13", "filename": "users.af.po", "release": 16, "fuzzy_perc": 20, "untrans_perc": 60, "fuzzy": 100, "trans": 100, "slug": "release-46-component-12-users-af-po"}}, {"pk": 125, "model": "files.pofile", "fields": {"untrans": 300, "total": 500, "language": 1, "created": "2009-04-30 20:53:13", "trans_perc": 20, "component": 5, "modified": "2009-04-30 20:53:13", "filename": "users.af.po", "release": 11, "fuzzy_perc": 20, "untrans_perc": 60, "fuzzy": 100, "trans": 100, "slug": "release-34-component-22-users-af-po"}}, {"pk": 100, "model": "files.pofile", "fields": {"untrans": 300, "total": 500, "language": 1, "created": "2009-04-30 20:53:13", "trans_perc": 20, "component": 4, "modified": "2009-04-30 20:53:13", "filename": "users.af.po", "release": 9, "fuzzy_perc": 20, "untrans_perc": 60, "fuzzy": 100, "trans": 100, "slug": "release-12-component-12-users-af-po"}}, {"pk": 75, "model": "files.pofile", "fields": {"untrans": 300, "total": 500, "language": 1, "created": "2009-04-30 20:53:13", "trans_perc": 20, "component": 3, "modified": "2009-04-30 20:53:13", "filename": "users.af.po", "release": 7, "fuzzy_perc": 20, "untrans_perc": 60, "fuzzy": 100, "trans": 100, "slug": "release-33-component-3-users-af-po"}}, {"pk": 94, "model": "files.pofile", "fields": {"untrans": 300, "total": 500, "language": 1, "created": "2009-04-30 20:53:13", "trans_perc": 20, "component": 10, "modified": "2009-04-30 20:53:13", "filename": "users.af.po", "release": 8, "fuzzy_perc": 20, "untrans_perc": 60, "fuzzy": 100, "trans": 100, "slug": "release-44-component-14-users-af-po"}}, {"pk": 144, "model": "files.pofile", "fields": {"untrans": 300, "total": 500, "language": 1, "created": "2009-04-30 20:53:13", "trans_perc": 20, "component": 12, "modified": "2009-04-30 20:53:13", "filename": "users.af.po", "release": 12, "fuzzy_perc": 20, "untrans_perc": 60, "fuzzy": 100, "trans": 100, "slug": "release-45-component-34-users-af-po"}}, {"pk": 119, "model": "files.pofile", "fields": {"untrans": 300, "total": 500, "language": 1, "created": "2009-04-30 20:53:13", "trans_perc": 20, "component": 11, "modified": "2009-04-30 20:53:13", "filename": "users.af.po", "release": 10, "fuzzy_perc": 20, "untrans_perc": 60, "fuzzy": 100, "trans": 100, "slug": "release-23-component-24-users-af-po"}}, {"pk": 177, "model": "files.pofile", "fields": {"untrans": 300, "total": 500, "language": 1, "created": "2009-04-30 20:53:13", "trans_perc": 20, "component": 9, "modified": "2009-04-30 20:53:13", "filename": "users.af.po", "release": 15, "fuzzy_perc": 20, "untrans_perc": 60, "fuzzy": 100, "trans": 100, "slug": "release-35-component-33-users-af-po"}}, {"pk": 35, "model": "files.pofile", "fields": {"untrans": 300, "total": 500, "language": 1, "created": "2009-04-30 20:53:13", "trans_perc": 20, "component": 11, "modified": "2009-04-30 20:53:13", "filename": "users.af.po", "release": 3, "fuzzy_perc": 20, "untrans_perc": 60, "fuzzy": 100, "trans": 100, "slug": "release-3-component-24-users-af-po"}}, {"pk": 10, "model": "files.pofile", "fields": {"untrans": 300, "total": 500, "language": 1, "created": "2009-04-30 20:53:13", "trans_perc": 20, "component": 10, "modified": "2009-04-30 20:53:13", "filename": "users.af.po", "release": 1, "fuzzy_perc": 20, "untrans_perc": 60, "fuzzy": 100, "trans": 100, "slug": "release-1-component-14-users-af-po"}}, {"pk": 29, "model": "files.pofile", "fields": {"untrans": 300, "total": 500, "language": 1, "created": "2009-04-30 20:53:13", "trans_perc": 20, "component": 5, "modified": "2009-04-30 20:53:13", "filename": "users.af.po", "release": 3, "fuzzy_perc": 20, "untrans_perc": 60, "fuzzy": 100, "trans": 100, "slug": "release-3-component-22-users-af-po"}}, {"pk": 68, "model": "files.pofile", "fields": {"untrans": 300, "total": 500, "language": 1, "created": "2009-04-30 20:53:13", "trans_perc": 20, "component": 8, "modified": "2009-04-30 20:53:13", "filename": "users.af.po", "release": 6, "fuzzy_perc": 20, "untrans_perc": 60, "fuzzy": 100, "trans": 100, "slug": "release-22-component-23-users-af-po"}}, {"pk": 54, "model": "files.pofile", "fields": {"untrans": 300, "total": 500, "language": 1, "created": "2009-04-30 20:53:13", "trans_perc": 20, "component": 6, "modified": "2009-04-30 20:53:13", "filename": "users.af.po", "release": 5, "fuzzy_perc": 20, "untrans_perc": 60, "fuzzy": 100, "trans": 100, "slug": "release-11-component-32-users-af-po"}}, {"pk": 137, "model": "files.pofile", "fields": {"untrans": 300, "total": 500, "language": 1, "created": "2009-04-30 20:53:13", "trans_perc": 20, "component": 5, "modified": "2009-04-30 20:53:13", "filename": "users.af.po", "release": 12, "fuzzy_perc": 20, "untrans_perc": 60, "fuzzy": 100, "trans": 100, "slug": "release-45-component-22-users-af-po"}}, {"pk": 112, "model": "files.pofile", "fields": {"untrans": 300, "total": 500, "language": 1, "created": "2009-04-30 20:53:13", "trans_perc": 20, "component": 4, "modified": "2009-04-30 20:53:13", "filename": "users.af.po", "release": 10, "fuzzy_perc": 20, "untrans_perc": 60, "fuzzy": 100, "trans": 100, "slug": "release-23-component-12-users-af-po"}}, {"pk": 87, "model": "files.pofile", "fields": {"untrans": 300, "total": 500, "language": 1, "created": "2009-04-30 20:53:13", "trans_perc": 20, "component": 3, "modified": "2009-04-30 20:53:13", "filename": "users.af.po", "release": 8, "fuzzy_perc": 20, "untrans_perc": 60, "fuzzy": 100, "trans": 100, "slug": "release-44-component-3-users-af-po"}}, {"pk": 170, "model": "files.pofile", "fields": {"untrans": 300, "total": 500, "language": 1, "created": "2009-04-30 20:53:13", "trans_perc": 20, "component": 2, "modified": "2009-04-30 20:53:13", "filename": "users.af.po", "release": 15, "fuzzy_perc": 20, "untrans_perc": 60, "fuzzy": 100, "trans": 100, "slug": "release-35-component-2-users-af-po"}}, {"pk": 156, "model": "files.pofile", "fields": {"untrans": 300, "total": 500, "language": 1, "created": "2009-04-30 20:53:13", "trans_perc": 20, "component": 12, "modified": "2009-04-30 20:53:13", "filename": "users.af.po", "release": 13, "fuzzy_perc": 20, "untrans_perc": 60, "fuzzy": 100, "trans": 100, "slug": "release-13-component-34-users-af-po"}}, {"pk": 3, "model": "files.pofile", "fields": {"untrans": 300, "total": 500, "language": 1, "created": "2009-04-30 20:53:13", "trans_perc": 20, "component": 3, "modified": "2009-04-30 20:53:13", "filename": "users.af.po", "release": 1, "fuzzy_perc": 20, "untrans_perc": 60, "fuzzy": 100, "trans": 100, "slug": "release-1-component-3-users-af-po"}}, {"pk": 61, "model": "files.pofile", "fields": {"untrans": 300, "total": 500, "language": 1, "created": "2009-04-30 20:53:13", "trans_perc": 20, "component": 1, "modified": "2009-04-30 20:53:13", "filename": "users.af.po", "release": 6, "fuzzy_perc": 20, "untrans_perc": 60, "fuzzy": 100, "trans": 100, "slug": "release-22-component-1-users-af-po"}}, {"pk": 47, "model": "files.pofile", "fields": {"untrans": 300, "total": 500, "language": 1, "created": "2009-04-30 20:53:13", "trans_perc": 20, "component": 11, "modified": "2009-04-30 20:53:13", "filename": "users.af.po", "release": 4, "fuzzy_perc": 20, "untrans_perc": 60, "fuzzy": 100, "trans": 100, "slug": "release-4-component-24-users-af-po"}}, {"pk": 22, "model": "files.pofile", "fields": {"untrans": 300, "total": 500, "language": 1, "created": "2009-04-30 20:53:13", "trans_perc": 20, "component": 10, "modified": "2009-04-30 20:53:13", "filename": "users.af.po", "release": 2, "fuzzy_perc": 20, "untrans_perc": 60, "fuzzy": 100, "trans": 100, "slug": "release-2-component-14-users-af-po"}}, {"pk": 105, "model": "files.pofile", "fields": {"untrans": 300, "total": 500, "language": 1, "created": "2009-04-30 20:53:13", "trans_perc": 20, "component": 9, "modified": "2009-04-30 20:53:13", "filename": "users.af.po", "release": 9, "fuzzy_perc": 20, "untrans_perc": 60, "fuzzy": 100, "trans": 100, "slug": "release-12-component-33-users-af-po"}}, {"pk": 80, "model": "files.pofile", "fields": {"untrans": 300, "total": 500, "language": 1, "created": "2009-04-30 20:53:13", "trans_perc": 20, "component": 8, "modified": "2009-04-30 20:53:13", "filename": "users.af.po", "release": 7, "fuzzy_perc": 20, "untrans_perc": 60, "fuzzy": 100, "trans": 100, "slug": "release-33-component-23-users-af-po"}}, {"pk": 130, "model": "files.pofile", "fields": {"untrans": 300, "total": 500, "language": 1, "created": "2009-04-30 20:53:13", "trans_perc": 20, "component": 10, "modified": "2009-04-30 20:53:13", "filename": "users.af.po", "release": 11, "fuzzy_perc": 20, "untrans_perc": 60, "fuzzy": 100, "trans": 100, "slug": "release-34-component-14-users-af-po"}}, {"pk": 188, "model": "files.pofile", "fields": {"untrans": 300, "total": 500, "language": 1, "created": "2009-04-30 20:53:13", "trans_perc": 20, "component": 8, "modified": "2009-04-30 20:53:13", "filename": "users.af.po", "release": 16, "fuzzy_perc": 20, "untrans_perc": 60, "fuzzy": 100, "trans": 100, "slug": "release-46-component-23-users-af-po"}}, {"pk": 163, "model": "files.pofile", "fields": {"untrans": 300, "total": 500, "language": 1, "created": "2009-04-30 20:53:13", "trans_perc": 20, "component": 7, "modified": "2009-04-30 20:53:13", "filename": "users.af.po", "release": 14, "fuzzy_perc": 20, "untrans_perc": 60, "fuzzy": 100, "trans": 100, "slug": "release-24-component-13-users-af-po"}}, {"pk": 149, "model": "files.pofile", "fields": {"untrans": 300, "total": 500, "language": 1, "created": "2009-04-30 20:53:13", "trans_perc": 20, "component": 5, "modified": "2009-04-30 20:53:13", "filename": "users.af.po", "release": 13, "fuzzy_perc": 20, "untrans_perc": 60, "fuzzy": 100, "trans": 100, "slug": "release-13-component-22-users-af-po"}}, {"pk": 40, "model": "files.pofile", "fields": {"untrans": 300, "total": 500, "language": 1, "created": "2009-04-30 20:53:13", "trans_perc": 20, "component": 4, "modified": "2009-04-30 20:53:13", "filename": "users.af.po", "release": 4, "fuzzy_perc": 20, "untrans_perc": 60, "fuzzy": 100, "trans": 100, "slug": "release-4-component-12-users-af-po"}}, {"pk": 15, "model": "files.pofile", "fields": {"untrans": 300, "total": 500, "language": 1, "created": "2009-04-30 20:53:13", "trans_perc": 20, "component": 3, "modified": "2009-04-30 20:53:13", "filename": "users.af.po", "release": 2, "fuzzy_perc": 20, "untrans_perc": 60, "fuzzy": 100, "trans": 100, "slug": "release-2-component-3-users-af-po"}}, {"pk": 182, "model": "files.pofile", "fields": {"untrans": 300, "total": 500, "language": 1, "created": "2009-04-30 20:53:13", "trans_perc": 20, "component": 2, "modified": "2009-04-30 20:53:13", "filename": "users.af.po", "release": 16, "fuzzy_perc": 20, "untrans_perc": 60, "fuzzy": 100, "trans": 100, "slug": "release-46-component-2-users-af-po"}}, {"pk": 73, "model": "files.pofile", "fields": {"untrans": 300, "total": 500, "language": 1, "created": "2009-04-30 20:53:13", "trans_perc": 20, "component": 1, "modified": "2009-04-30 20:53:13", "filename": "users.af.po", "release": 7, "fuzzy_perc": 20, "untrans_perc": 60, "fuzzy": 100, "trans": 100, "slug": "release-33-component-1-users-af-po"}}, {"pk": 123, "model": "files.pofile", "fields": {"untrans": 300, "total": 500, "language": 1, "created": "2009-04-30 20:53:13", "trans_perc": 20, "component": 3, "modified": "2009-04-30 20:53:13", "filename": "users.af.po", "release": 11, "fuzzy_perc": 20, "untrans_perc": 60, "fuzzy": 100, "trans": 100, "slug": "release-34-component-3-users-af-po"}}, {"pk": 34, "model": "files.pofile", "fields": {"untrans": 300, "total": 500, "language": 1, "created": "2009-04-30 20:53:13", "trans_perc": 20, "component": 10, "modified": "2009-04-30 20:53:13", "filename": "users.af.po", "release": 3, "fuzzy_perc": 20, "untrans_perc": 60, "fuzzy": 100, "trans": 100, "slug": "release-3-component-14-users-af-po"}}, {"pk": 92, "model": "files.pofile", "fields": {"untrans": 300, "total": 500, "language": 1, "created": "2009-04-30 20:53:13", "trans_perc": 20, "component": 8, "modified": "2009-04-30 20:53:13", "filename": "users.af.po", "release": 8, "fuzzy_perc": 20, "untrans_perc": 60, "fuzzy": 100, "trans": 100, "slug": "release-44-component-23-users-af-po"}}, {"pk": 142, "model": "files.pofile", "fields": {"untrans": 300, "total": 500, "language": 1, "created": "2009-04-30 20:53:13", "trans_perc": 20, "component": 10, "modified": "2009-04-30 20:53:13", "filename": "users.af.po", "release": 12, "fuzzy_perc": 20, "untrans_perc": 60, "fuzzy": 100, "trans": 100, "slug": "release-45-component-14-users-af-po"}}, {"pk": 117, "model": "files.pofile", "fields": {"untrans": 300, "total": 500, "language": 1, "created": "2009-04-30 20:53:13", "trans_perc": 20, "component": 9, "modified": "2009-04-30 20:53:13", "filename": "users.af.po", "release": 10, "fuzzy_perc": 20, "untrans_perc": 60, "fuzzy": 100, "trans": 100, "slug": "release-23-component-33-users-af-po"}}, {"pk": 8, "model": "files.pofile", "fields": {"untrans": 300, "total": 500, "language": 1, "created": "2009-04-30 20:53:13", "trans_perc": 20, "component": 8, "modified": "2009-04-30 20:53:13", "filename": "users.af.po", "release": 1, "fuzzy_perc": 20, "untrans_perc": 60, "fuzzy": 100, "trans": 100, "slug": "release-1-component-23-users-af-po"}}, {"pk": 175, "model": "files.pofile", "fields": {"untrans": 300, "total": 500, "language": 1, "created": "2009-04-30 20:53:13", "trans_perc": 20, "component": 7, "modified": "2009-04-30 20:53:13", "filename": "users.af.po", "release": 15, "fuzzy_perc": 20, "untrans_perc": 60, "fuzzy": 100, "trans": 100, "slug": "release-35-component-13-users-af-po"}}, {"pk": 161, "model": "files.pofile", "fields": {"untrans": 300, "total": 500, "language": 1, "created": "2009-04-30 20:53:13", "trans_perc": 20, "component": 5, "modified": "2009-04-30 20:53:13", "filename": "users.af.po", "release": 14, "fuzzy_perc": 20, "untrans_perc": 60, "fuzzy": 100, "trans": 100, "slug": "release-24-component-22-users-af-po"}}, {"pk": 52, "model": "files.pofile", "fields": {"untrans": 300, "total": 500, "language": 1, "created": "2009-04-30 20:53:13", "trans_perc": 20, "component": 4, "modified": "2009-04-30 20:53:13", "filename": "users.af.po", "release": 5, "fuzzy_perc": 20, "untrans_perc": 60, "fuzzy": 100, "trans": 100, "slug": "release-11-component-12-users-af-po"}}, {"pk": 27, "model": "files.pofile", "fields": {"untrans": 300, "total": 500, "language": 1, "created": "2009-04-30 20:53:13", "trans_perc": 20, "component": 3, "modified": "2009-04-30 20:53:13", "filename": "users.af.po", "release": 3, "fuzzy_perc": 20, "untrans_perc": 60, "fuzzy": 100, "trans": 100, "slug": "release-3-component-3-users-af-po"}}, {"pk": 66, "model": "files.pofile", "fields": {"untrans": 300, "total": 500, "language": 1, "created": "2009-04-30 20:53:13", "trans_perc": 20, "component": 6, "modified": "2009-04-30 20:53:13", "filename": "users.af.po", "release": 6, "fuzzy_perc": 20, "untrans_perc": 60, "fuzzy": 100, "trans": 100, "slug": "release-22-component-32-users-af-po"}}, {"pk": 135, "model": "files.pofile", "fields": {"untrans": 300, "total": 500, "language": 1, "created": "2009-04-30 20:53:13", "trans_perc": 20, "component": 3, "modified": "2009-04-30 20:53:13", "filename": "users.af.po", "release": 12, "fuzzy_perc": 20, "untrans_perc": 60, "fuzzy": 100, "trans": 100, "slug": "release-45-component-3-users-af-po"}}, {"pk": 110, "model": "files.pofile", "fields": {"untrans": 300, "total": 500, "language": 1, "created": "2009-04-30 20:53:13", "trans_perc": 20, "component": 2, "modified": "2009-04-30 20:53:13", "filename": "users.af.po", "release": 10, "fuzzy_perc": 20, "untrans_perc": 60, "fuzzy": 100, "trans": 100, "slug": "release-23-component-2-users-af-po"}}, {"pk": 85, "model": "files.pofile", "fields": {"untrans": 300, "total": 500, "language": 1, "created": "2009-04-30 20:53:13", "trans_perc": 20, "component": 1, "modified": "2009-04-30 20:53:13", "filename": "users.af.po", "release": 8, "fuzzy_perc": 20, "untrans_perc": 60, "fuzzy": 100, "trans": 100, "slug": "release-44-component-1-users-af-po"}}, {"pk": 168, "model": "files.pofile", "fields": {"untrans": 300, "total": 500, "language": 1, "created": "2009-04-30 20:53:13", "trans_perc": 20, "component": 12, "modified": "2009-04-30 20:53:13", "filename": "users.af.po", "release": 14, "fuzzy_perc": 20, "untrans_perc": 60, "fuzzy": 100, "trans": 100, "slug": "release-24-component-34-users-af-po"}}, {"pk": 154, "model": "files.pofile", "fields": {"untrans": 300, "total": 500, "language": 1, "created": "2009-04-30 20:53:13", "trans_perc": 20, "component": 10, "modified": "2009-04-30 20:53:13", "filename": "users.af.po", "release": 13, "fuzzy_perc": 20, "untrans_perc": 60, "fuzzy": 100, "trans": 100, "slug": "release-13-component-14-users-af-po"}}, {"pk": 1, "model": "files.pofile", "fields": {"untrans": 300, "total": 500, "language": 1, "created": "2009-04-30 20:53:13", "trans_perc": 20, "component": 1, "modified": "2009-04-30 20:53:13", "filename": "users.af.po", "release": 1, "fuzzy_perc": 20, "untrans_perc": 60, "fuzzy": 100, "trans": 100, "slug": "release-1-component-1-users-af-po"}}, {"pk": 20, "model": "files.pofile", "fields": {"untrans": 300, "total": 500, "language": 1, "created": "2009-04-30 20:53:13", "trans_perc": 20, "component": 8, "modified": "2009-04-30 20:53:13", "filename": "users.af.po", "release": 2, "fuzzy_perc": 20, "untrans_perc": 60, "fuzzy": 100, "trans": 100, "slug": "release-2-component-23-users-af-po"}}, {"pk": 59, "model": "files.pofile", "fields": {"untrans": 300, "total": 500, "language": 1, "created": "2009-04-30 20:53:13", "trans_perc": 20, "component": 11, "modified": "2009-04-30 20:53:13", "filename": "users.af.po", "release": 5, "fuzzy_perc": 20, "untrans_perc": 60, "fuzzy": 100, "trans": 100, "slug": "release-11-component-24-users-af-po"}}, {"pk": 45, "model": "files.pofile", "fields": {"untrans": 300, "total": 500, "language": 1, "created": "2009-04-30 20:53:13", "trans_perc": 20, "component": 9, "modified": "2009-04-30 20:53:13", "filename": "users.af.po", "release": 4, "fuzzy_perc": 20, "untrans_perc": 60, "fuzzy": 100, "trans": 100, "slug": "release-4-component-33-users-af-po"}}, {"pk": 103, "model": "files.pofile", "fields": {"untrans": 300, "total": 500, "language": 1, "created": "2009-04-30 20:53:13", "trans_perc": 20, "component": 7, "modified": "2009-04-30 20:53:13", "filename": "users.af.po", "release": 9, "fuzzy_perc": 20, "untrans_perc": 60, "fuzzy": 100, "trans": 100, "slug": "release-12-component-13-users-af-po"}}, {"pk": 78, "model": "files.pofile", "fields": {"untrans": 300, "total": 500, "language": 1, "created": "2009-04-30 20:53:13", "trans_perc": 20, "component": 6, "modified": "2009-04-30 20:53:13", "filename": "users.af.po", "release": 7, "fuzzy_perc": 20, "untrans_perc": 60, "fuzzy": 100, "trans": 100, "slug": "release-33-component-32-users-af-po"}}, {"pk": 128, "model": "files.pofile", "fields": {"untrans": 300, "total": 500, "language": 1, "created": "2009-04-30 20:53:13", "trans_perc": 20, "component": 8, "modified": "2009-04-30 20:53:13", "filename": "users.af.po", "release": 11, "fuzzy_perc": 20, "untrans_perc": 60, "fuzzy": 100, "trans": 100, "slug": "release-34-component-23-users-af-po"}}, {"pk": 147, "model": "files.pofile", "fields": {"untrans": 300, "total": 500, "language": 1, "created": "2009-04-30 20:53:13", "trans_perc": 20, "component": 3, "modified": "2009-04-30 20:53:13", "filename": "users.af.po", "release": 13, "fuzzy_perc": 20, "untrans_perc": 60, "fuzzy": 100, "trans": 100, "slug": "release-13-component-3-users-af-po"}}, {"pk": 122, "model": "files.pofile", "fields": {"untrans": 300, "total": 500, "language": 1, "created": "2009-04-30 20:53:13", "trans_perc": 20, "component": 2, "modified": "2009-04-30 20:53:13", "filename": "users.af.po", "release": 11, "fuzzy_perc": 20, "untrans_perc": 60, "fuzzy": 100, "trans": 100, "slug": "release-34-component-2-users-af-po"}}, {"pk": 97, "model": "files.pofile", "fields": {"untrans": 300, "total": 500, "language": 1, "created": "2009-04-30 20:53:13", "trans_perc": 20, "component": 1, "modified": "2009-04-30 20:53:13", "filename": "users.af.po", "release": 9, "fuzzy_perc": 20, "untrans_perc": 60, "fuzzy": 100, "trans": 100, "slug": "release-12-component-1-users-af-po"}}, {"pk": 180, "model": "files.pofile", "fields": {"untrans": 300, "total": 500, "language": 1, "created": "2009-04-30 20:53:13", "trans_perc": 20, "component": 12, "modified": "2009-04-30 20:53:13", "filename": "users.af.po", "release": 15, "fuzzy_perc": 20, "untrans_perc": 60, "fuzzy": 100, "trans": 100, "slug": "release-35-component-34-users-af-po"}}, {"pk": 38, "model": "files.pofile", "fields": {"untrans": 300, "total": 500, "language": 1, "created": "2009-04-30 20:53:13", "trans_perc": 20, "component": 2, "modified": "2009-04-30 20:53:13", "filename": "users.af.po", "release": 4, "fuzzy_perc": 20, "untrans_perc": 60, "fuzzy": 100, "trans": 100, "slug": "release-4-component-2-users-af-po"}}, {"pk": 13, "model": "files.pofile", "fields": {"untrans": 300, "total": 500, "language": 1, "created": "2009-04-30 20:53:13", "trans_perc": 20, "component": 1, "modified": "2009-04-30 20:53:13", "filename": "users.af.po", "release": 2, "fuzzy_perc": 20, "untrans_perc": 60, "fuzzy": 100, "trans": 100, "slug": "release-2-component-1-users-af-po"}}, {"pk": 71, "model": "files.pofile", "fields": {"untrans": 300, "total": 500, "language": 1, "created": "2009-04-30 20:53:13", "trans_perc": 20, "component": 11, "modified": "2009-04-30 20:53:13", "filename": "users.af.po", "release": 6, "fuzzy_perc": 20, "untrans_perc": 60, "fuzzy": 100, "trans": 100, "slug": "release-22-component-24-users-af-po"}}, {"pk": 57, "model": "files.pofile", "fields": {"untrans": 300, "total": 500, "language": 1, "created": "2009-04-30 20:53:13", "trans_perc": 20, "component": 9, "modified": "2009-04-30 20:53:13", "filename": "users.af.po", "release": 5, "fuzzy_perc": 20, "untrans_perc": 60, "fuzzy": 100, "trans": 100, "slug": "release-11-component-33-users-af-po"}}, {"pk": 32, "model": "files.pofile", "fields": {"untrans": 300, "total": 500, "language": 1, "created": "2009-04-30 20:53:13", "trans_perc": 20, "component": 8, "modified": "2009-04-30 20:53:13", "filename": "users.af.po", "release": 3, "fuzzy_perc": 20, "untrans_perc": 60, "fuzzy": 100, "trans": 100, "slug": "release-3-component-23-users-af-po"}}, {"pk": 115, "model": "files.pofile", "fields": {"untrans": 300, "total": 500, "language": 1, "created": "2009-04-30 20:53:13", "trans_perc": 20, "component": 7, "modified": "2009-04-30 20:53:13", "filename": "users.af.po", "release": 10, "fuzzy_perc": 20, "untrans_perc": 60, "fuzzy": 100, "trans": 100, "slug": "release-23-component-13-users-af-po"}}, {"pk": 90, "model": "files.pofile", "fields": {"untrans": 300, "total": 500, "language": 1, "created": "2009-04-30 20:53:13", "trans_perc": 20, "component": 6, "modified": "2009-04-30 20:53:13", "filename": "users.af.po", "release": 8, "fuzzy_perc": 20, "untrans_perc": 60, "fuzzy": 100, "trans": 100, "slug": "release-44-component-32-users-af-po"}}, {"pk": 140, "model": "files.pofile", "fields": {"untrans": 300, "total": 500, "language": 1, "created": "2009-04-30 20:53:13", "trans_perc": 20, "component": 8, "modified": "2009-04-30 20:53:13", "filename": "users.af.po", "release": 12, "fuzzy_perc": 20, "untrans_perc": 60, "fuzzy": 100, "trans": 100, "slug": "release-45-component-23-users-af-po"}}, {"pk": 159, "model": "files.pofile", "fields": {"untrans": 300, "total": 500, "language": 1, "created": "2009-04-30 20:53:13", "trans_perc": 20, "component": 3, "modified": "2009-04-30 20:53:13", "filename": "users.af.po", "release": 14, "fuzzy_perc": 20, "untrans_perc": 60, "fuzzy": 100, "trans": 100, "slug": "release-24-component-3-users-af-po"}}, {"pk": 6, "model": "files.pofile", "fields": {"untrans": 300, "total": 500, "language": 1, "created": "2009-04-30 20:53:13", "trans_perc": 20, "component": 6, "modified": "2009-04-30 20:53:13", "filename": "users.af.po", "release": 1, "fuzzy_perc": 20, "untrans_perc": 60, "fuzzy": 100, "trans": 100, "slug": "release-1-component-32-users-af-po"}}, {"pk": 173, "model": "files.pofile", "fields": {"untrans": 300, "total": 500, "language": 1, "created": "2009-04-30 20:53:13", "trans_perc": 20, "component": 5, "modified": "2009-04-30 20:53:13", "filename": "users.af.po", "release": 15, "fuzzy_perc": 20, "untrans_perc": 60, "fuzzy": 100, "trans": 100, "slug": "release-35-component-22-users-af-po"}}, {"pk": 50, "model": "files.pofile", "fields": {"untrans": 300, "total": 500, "language": 1, "created": "2009-04-30 20:53:13", "trans_perc": 20, "component": 2, "modified": "2009-04-30 20:53:13", "filename": "users.af.po", "release": 5, "fuzzy_perc": 20, "untrans_perc": 60, "fuzzy": 100, "trans": 100, "slug": "release-11-component-2-users-af-po"}}, {"pk": 25, "model": "files.pofile", "fields": {"untrans": 300, "total": 500, "language": 1, "created": "2009-04-30 20:53:13", "trans_perc": 20, "component": 1, "modified": "2009-04-30 20:53:13", "filename": "users.af.po", "release": 3, "fuzzy_perc": 20, "untrans_perc": 60, "fuzzy": 100, "trans": 100, "slug": "release-3-component-1-users-af-po"}}, {"pk": 64, "model": "files.pofile", "fields": {"untrans": 300, "total": 500, "language": 1, "created": "2009-04-30 20:53:13", "trans_perc": 20, "component": 4, "modified": "2009-04-30 20:53:13", "filename": "users.af.po", "release": 6, "fuzzy_perc": 20, "untrans_perc": 60, "fuzzy": 100, "trans": 100, "slug": "release-22-component-12-users-af-po"}}, {"pk": 83, "model": "files.pofile", "fields": {"untrans": 300, "total": 500, "language": 1, "created": "2009-04-30 20:53:13", "trans_perc": 20, "component": 11, "modified": "2009-04-30 20:53:13", "filename": "users.af.po", "release": 7, "fuzzy_perc": 20, "untrans_perc": 60, "fuzzy": 100, "trans": 100, "slug": "release-33-component-24-users-af-po"}}, {"pk": 133, "model": "files.pofile", "fields": {"untrans": 300, "total": 500, "language": 1, "created": "2009-04-30 20:53:13", "trans_perc": 20, "component": 1, "modified": "2009-04-30 20:53:13", "filename": "users.af.po", "release": 12, "fuzzy_perc": 20, "untrans_perc": 60, "fuzzy": 100, "trans": 100, "slug": "release-45-component-1-users-af-po"}}, {"pk": 108, "model": "files.pofile", "fields": {"untrans": 300, "total": 500, "language": 1, "created": "2009-04-30 20:53:13", "trans_perc": 20, "component": 12, "modified": "2009-04-30 20:53:13", "filename": "users.af.po", "release": 9, "fuzzy_perc": 20, "untrans_perc": 60, "fuzzy": 100, "trans": 100, "slug": "release-12-component-34-users-af-po"}}, {"pk": 191, "model": "files.pofile", "fields": {"untrans": 300, "total": 500, "language": 1, "created": "2009-04-30 20:53:13", "trans_perc": 20, "component": 11, "modified": "2009-04-30 20:53:13", "filename": "users.af.po", "release": 16, "fuzzy_perc": 20, "untrans_perc": 60, "fuzzy": 100, "trans": 100, "slug": "release-46-component-24-users-af-po"}}, {"pk": 166, "model": "files.pofile", "fields": {"untrans": 300, "total": 500, "language": 1, "created": "2009-04-30 20:53:13", "trans_perc": 20, "component": 10, "modified": "2009-04-30 20:53:13", "filename": "users.af.po", "release": 14, "fuzzy_perc": 20, "untrans_perc": 60, "fuzzy": 100, "trans": 100, "slug": "release-24-component-14-users-af-po"}}, {"pk": 152, "model": "files.pofile", "fields": {"untrans": 300, "total": 500, "language": 1, "created": "2009-04-30 20:53:13", "trans_perc": 20, "component": 8, "modified": "2009-04-30 20:53:13", "filename": "users.af.po", "release": 13, "fuzzy_perc": 20, "untrans_perc": 60, "fuzzy": 100, "trans": 100, "slug": "release-13-component-23-users-af-po"}}, {"pk": 18, "model": "files.pofile", "fields": {"untrans": 300, "total": 500, "language": 1, "created": "2009-04-30 20:53:13", "trans_perc": 20, "component": 6, "modified": "2009-04-30 20:53:13", "filename": "users.af.po", "release": 2, "fuzzy_perc": 20, "untrans_perc": 60, "fuzzy": 100, "trans": 100, "slug": "release-2-component-32-users-af-po"}}, {"pk": 185, "model": "files.pofile", "fields": {"untrans": 300, "total": 500, "language": 1, "created": "2009-04-30 20:53:13", "trans_perc": 20, "component": 5, "modified": "2009-04-30 20:53:13", "filename": "users.af.po", "release": 16, "fuzzy_perc": 20, "untrans_perc": 60, "fuzzy": 100, "trans": 100, "slug": "release-46-component-22-users-af-po"}}, {"pk": 43, "model": "files.pofile", "fields": {"untrans": 300, "total": 500, "language": 1, "created": "2009-04-30 20:53:13", "trans_perc": 20, "component": 7, "modified": "2009-04-30 20:53:13", "filename": "users.af.po", "release": 4, "fuzzy_perc": 20, "untrans_perc": 60, "fuzzy": 100, "trans": 100, "slug": "release-4-component-13-users-af-po"}}, {"pk": 126, "model": "files.pofile", "fields": {"untrans": 300, "total": 500, "language": 1, "created": "2009-04-30 20:53:13", "trans_perc": 20, "component": 6, "modified": "2009-04-30 20:53:13", "filename": "users.af.po", "release": 11, "fuzzy_perc": 20, "untrans_perc": 60, "fuzzy": 100, "trans": 100, "slug": "release-34-component-32-users-af-po"}}, {"pk": 101, "model": "files.pofile", "fields": {"untrans": 300, "total": 500, "language": 1, "created": "2009-04-30 20:53:13", "trans_perc": 20, "component": 5, "modified": "2009-04-30 20:53:13", "filename": "users.af.po", "release": 9, "fuzzy_perc": 20, "untrans_perc": 60, "fuzzy": 100, "trans": 100, "slug": "release-12-component-22-users-af-po"}}, {"pk": 76, "model": "files.pofile", "fields": {"untrans": 300, "total": 500, "language": 1, "created": "2009-04-30 20:53:13", "trans_perc": 20, "component": 4, "modified": "2009-04-30 20:53:13", "filename": "users.af.po", "release": 7, "fuzzy_perc": 20, "untrans_perc": 60, "fuzzy": 100, "trans": 100, "slug": "release-33-component-12-users-af-po"}}, {"pk": 95, "model": "files.pofile", "fields": {"untrans": 300, "total": 500, "language": 1, "created": "2009-04-30 20:53:13", "trans_perc": 20, "component": 11, "modified": "2009-04-30 20:53:13", "filename": "users.af.po", "release": 8, "fuzzy_perc": 20, "untrans_perc": 60, "fuzzy": 100, "trans": 100, "slug": "release-44-component-24-users-af-po"}}, {"pk": 145, "model": "files.pofile", "fields": {"untrans": 300, "total": 500, "language": 1, "created": "2009-04-30 20:53:13", "trans_perc": 20, "component": 1, "modified": "2009-04-30 20:53:13", "filename": "users.af.po", "release": 13, "fuzzy_perc": 20, "untrans_perc": 60, "fuzzy": 100, "trans": 100, "slug": "release-13-component-1-users-af-po"}}, {"pk": 120, "model": "files.pofile", "fields": {"untrans": 300, "total": 500, "language": 1, "created": "2009-04-30 20:53:13", "trans_perc": 20, "component": 12, "modified": "2009-04-30 20:53:13", "filename": "users.af.po", "release": 10, "fuzzy_perc": 20, "untrans_perc": 60, "fuzzy": 100, "trans": 100, "slug": "release-23-component-34-users-af-po"}}, {"pk": 178, "model": "files.pofile", "fields": {"untrans": 300, "total": 500, "language": 1, "created": "2009-04-30 20:53:13", "trans_perc": 20, "component": 10, "modified": "2009-04-30 20:53:13", "filename": "users.af.po", "release": 15, "fuzzy_perc": 20, "untrans_perc": 60, "fuzzy": 100, "trans": 100, "slug": "release-35-component-14-users-af-po"}}, {"pk": 36, "model": "files.pofile", "fields": {"untrans": 300, "total": 500, "language": 1, "created": "2009-04-30 20:53:13", "trans_perc": 20, "component": 12, "modified": "2009-04-30 20:53:13", "filename": "users.af.po", "release": 3, "fuzzy_perc": 20, "untrans_perc": 60, "fuzzy": 100, "trans": 100, "slug": "release-3-component-34-users-af-po"}}, {"pk": 11, "model": "files.pofile", "fields": {"untrans": 300, "total": 500, "language": 1, "created": "2009-04-30 20:53:13", "trans_perc": 20, "component": 11, "modified": "2009-04-30 20:53:13", "filename": "users.af.po", "release": 1, "fuzzy_perc": 20, "untrans_perc": 60, "fuzzy": 100, "trans": 100, "slug": "release-1-component-24-users-af-po"}}, {"pk": 30, "model": "files.pofile", "fields": {"untrans": 300, "total": 500, "language": 1, "created": "2009-04-30 20:53:13", "trans_perc": 20, "component": 6, "modified": "2009-04-30 20:53:13", "filename": "users.af.po", "release": 3, "fuzzy_perc": 20, "untrans_perc": 60, "fuzzy": 100, "trans": 100, "slug": "release-3-component-32-users-af-po"}}, {"pk": 69, "model": "files.pofile", "fields": {"untrans": 300, "total": 500, "language": 1, "created": "2009-04-30 20:53:13", "trans_perc": 20, "component": 9, "modified": "2009-04-30 20:53:13", "filename": "users.af.po", "release": 6, "fuzzy_perc": 20, "untrans_perc": 60, "fuzzy": 100, "trans": 100, "slug": "release-22-component-33-users-af-po"}}, {"pk": 55, "model": "files.pofile", "fields": {"untrans": 300, "total": 500, "language": 1, "created": "2009-04-30 20:53:13", "trans_perc": 20, "component": 7, "modified": "2009-04-30 20:53:13", "filename": "users.af.po", "release": 5, "fuzzy_perc": 20, "untrans_perc": 60, "fuzzy": 100, "trans": 100, "slug": "release-11-component-13-users-af-po"}}, {"pk": 113, "model": "files.pofile", "fields": {"untrans": 300, "total": 500, "language": 1, "created": "2009-04-30 20:53:13", "trans_perc": 20, "component": 5, "modified": "2009-04-30 20:53:13", "filename": "users.af.po", "release": 10, "fuzzy_perc": 20, "untrans_perc": 60, "fuzzy": 100, "trans": 100, "slug": "release-23-component-22-users-af-po"}}, {"pk": 88, "model": "files.pofile", "fields": {"untrans": 300, "total": 500, "language": 1, "created": "2009-04-30 20:53:13", "trans_perc": 20, "component": 4, "modified": "2009-04-30 20:53:13", "filename": "users.af.po", "release": 8, "fuzzy_perc": 20, "untrans_perc": 60, "fuzzy": 100, "trans": 100, "slug": "release-44-component-12-users-af-po"}}, {"pk": 138, "model": "files.pofile", "fields": {"untrans": 300, "total": 500, "language": 1, "created": "2009-04-30 20:53:13", "trans_perc": 20, "component": 6, "modified": "2009-04-30 20:53:13", "filename": "users.af.po", "release": 12, "fuzzy_perc": 20, "untrans_perc": 60, "fuzzy": 100, "trans": 100, "slug": "release-45-component-32-users-af-po"}}, {"pk": 157, "model": "files.pofile", "fields": {"untrans": 300, "total": 500, "language": 1, "created": "2009-04-30 20:53:13", "trans_perc": 20, "component": 1, "modified": "2009-04-30 20:53:13", "filename": "users.af.po", "release": 14, "fuzzy_perc": 20, "untrans_perc": 60, "fuzzy": 100, "trans": 100, "slug": "release-24-component-1-users-af-po"}}, {"pk": 4, "model": "files.pofile", "fields": {"untrans": 300, "total": 500, "language": 1, "created": "2009-04-30 20:53:13", "trans_perc": 20, "component": 4, "modified": "2009-04-30 20:53:13", "filename": "users.af.po", "release": 1, "fuzzy_perc": 20, "untrans_perc": 60, "fuzzy": 100, "trans": 100, "slug": "release-1-component-12-users-af-po"}}, {"pk": 171, "model": "files.pofile", "fields": {"untrans": 300, "total": 500, "language": 1, "created": "2009-04-30 20:53:13", "trans_perc": 20, "component": 3, "modified": "2009-04-30 20:53:13", "filename": "users.af.po", "release": 15, "fuzzy_perc": 20, "untrans_perc": 60, "fuzzy": 100, "trans": 100, "slug": "release-35-component-3-users-af-po"}}, {"pk": 62, "model": "files.pofile", "fields": {"untrans": 300, "total": 500, "language": 1, "created": "2009-04-30 20:53:13", "trans_perc": 20, "component": 2, "modified": "2009-04-30 20:53:13", "filename": "users.af.po", "release": 6, "fuzzy_perc": 20, "untrans_perc": 60, "fuzzy": 100, "trans": 100, "slug": "release-22-component-2-users-af-po"}}, {"pk": 48, "model": "files.pofile", "fields": {"untrans": 300, "total": 500, "language": 1, "created": "2009-04-30 20:53:13", "trans_perc": 20, "component": 12, "modified": "2009-04-30 20:53:13", "filename": "users.af.po", "release": 4, "fuzzy_perc": 20, "untrans_perc": 60, "fuzzy": 100, "trans": 100, "slug": "release-4-component-34-users-af-po"}}, {"pk": 23, "model": "files.pofile", "fields": {"untrans": 300, "total": 500, "language": 1, "created": "2009-04-30 20:53:13", "trans_perc": 20, "component": 11, "modified": "2009-04-30 20:53:13", "filename": "users.af.po", "release": 2, "fuzzy_perc": 20, "untrans_perc": 60, "fuzzy": 100, "trans": 100, "slug": "release-2-component-24-users-af-po"}}, {"pk": 106, "model": "files.pofile", "fields": {"untrans": 300, "total": 500, "language": 1, "created": "2009-04-30 20:53:13", "trans_perc": 20, "component": 10, "modified": "2009-04-30 20:53:13", "filename": "users.af.po", "release": 9, "fuzzy_perc": 20, "untrans_perc": 60, "fuzzy": 100, "trans": 100, "slug": "release-12-component-14-users-af-po"}}, {"pk": 81, "model": "files.pofile", "fields": {"untrans": 300, "total": 500, "language": 1, "created": "2009-04-30 20:53:13", "trans_perc": 20, "component": 9, "modified": "2009-04-30 20:53:13", "filename": "users.af.po", "release": 7, "fuzzy_perc": 20, "untrans_perc": 60, "fuzzy": 100, "trans": 100, "slug": "release-33-component-33-users-af-po"}}, {"pk": 131, "model": "files.pofile", "fields": {"untrans": 300, "total": 500, "language": 1, "created": "2009-04-30 20:53:13", "trans_perc": 20, "component": 11, "modified": "2009-04-30 20:53:13", "filename": "users.af.po", "release": 11, "fuzzy_perc": 20, "untrans_perc": 60, "fuzzy": 100, "trans": 100, "slug": "release-34-component-24-users-af-po"}}, {"pk": 189, "model": "files.pofile", "fields": {"untrans": 300, "total": 500, "language": 1, "created": "2009-04-30 20:53:13", "trans_perc": 20, "component": 9, "modified": "2009-04-30 20:53:13", "filename": "users.af.po", "release": 16, "fuzzy_perc": 20, "untrans_perc": 60, "fuzzy": 100, "trans": 100, "slug": "release-46-component-33-users-af-po"}}, {"pk": 164, "model": "files.pofile", "fields": {"untrans": 300, "total": 500, "language": 1, "created": "2009-04-30 20:53:13", "trans_perc": 20, "component": 8, "modified": "2009-04-30 20:53:13", "filename": "users.af.po", "release": 14, "fuzzy_perc": 20, "untrans_perc": 60, "fuzzy": 100, "trans": 100, "slug": "release-24-component-23-users-af-po"}}, {"pk": 150, "model": "files.pofile", "fields": {"untrans": 300, "total": 500, "language": 1, "created": "2009-04-30 20:53:13", "trans_perc": 20, "component": 6, "modified": "2009-04-30 20:53:13", "filename": "users.af.po", "release": 13, "fuzzy_perc": 20, "untrans_perc": 60, "fuzzy": 100, "trans": 100, "slug": "release-13-component-32-users-af-po"}}, {"pk": 41, "model": "files.pofile", "fields": {"untrans": 300, "total": 500, "language": 1, "created": "2009-04-30 20:53:13", "trans_perc": 20, "component": 5, "modified": "2009-04-30 20:53:13", "filename": "users.af.po", "release": 4, "fuzzy_perc": 20, "untrans_perc": 60, "fuzzy": 100, "trans": 100, "slug": "release-4-component-22-users-af-po"}}, {"pk": 16, "model": "files.pofile", "fields": {"untrans": 300, "total": 500, "language": 1, "created": "2009-04-30 20:53:13", "trans_perc": 20, "component": 4, "modified": "2009-04-30 20:53:13", "filename": "users.af.po", "release": 2, "fuzzy_perc": 20, "untrans_perc": 60, "fuzzy": 100, "trans": 100, "slug": "release-2-component-12-users-af-po"}}, {"pk": 183, "model": "files.pofile", "fields": {"untrans": 300, "total": 500, "language": 1, "created": "2009-04-30 20:53:13", "trans_perc": 20, "component": 3, "modified": "2009-04-30 20:53:13", "filename": "users.af.po", "release": 16, "fuzzy_perc": 20, "untrans_perc": 60, "fuzzy": 100, "trans": 100, "slug": "release-46-component-3-users-af-po"}}, {"pk": 124, "model": "files.pofile", "fields": {"untrans": 300, "total": 500, "language": 1, "created": "2009-04-30 20:53:13", "trans_perc": 20, "component": 4, "modified": "2009-04-30 20:53:13", "filename": "users.af.po", "release": 11, "fuzzy_perc": 20, "untrans_perc": 60, "fuzzy": 100, "trans": 100, "slug": "release-34-component-12-users-af-po"}}, {"pk": 99, "model": "files.pofile", "fields": {"untrans": 300, "total": 500, "language": 1, "created": "2009-04-30 20:53:13", "trans_perc": 20, "component": 3, "modified": "2009-04-30 20:53:13", "filename": "users.af.po", "release": 9, "fuzzy_perc": 20, "untrans_perc": 60, "fuzzy": 100, "trans": 100, "slug": "release-12-component-3-users-af-po"}}, {"pk": 74, "model": "files.pofile", "fields": {"untrans": 300, "total": 500, "language": 1, "created": "2009-04-30 20:53:13", "trans_perc": 20, "component": 2, "modified": "2009-04-30 20:53:13", "filename": "users.af.po", "release": 7, "fuzzy_perc": 20, "untrans_perc": 60, "fuzzy": 100, "trans": 100, "slug": "release-33-component-2-users-af-po"}}, {"pk": 93, "model": "files.pofile", "fields": {"untrans": 300, "total": 500, "language": 1, "created": "2009-04-30 20:53:13", "trans_perc": 20, "component": 9, "modified": "2009-04-30 20:53:13", "filename": "users.af.po", "release": 8, "fuzzy_perc": 20, "untrans_perc": 60, "fuzzy": 100, "trans": 100, "slug": "release-44-component-33-users-af-po"}}, {"pk": 143, "model": "files.pofile", "fields": {"untrans": 300, "total": 500, "language": 1, "created": "2009-04-30 20:53:13", "trans_perc": 20, "component": 11, "modified": "2009-04-30 20:53:13", "filename": "users.af.po", "release": 12, "fuzzy_perc": 20, "untrans_perc": 60, "fuzzy": 100, "trans": 100, "slug": "release-45-component-24-users-af-po"}}, {"pk": 118, "model": "files.pofile", "fields": {"untrans": 300, "total": 500, "language": 1, "created": "2009-04-30 20:53:13", "trans_perc": 20, "component": 10, "modified": "2009-04-30 20:53:13", "filename": "users.af.po", "release": 10, "fuzzy_perc": 20, "untrans_perc": 60, "fuzzy": 100, "trans": 100, "slug": "release-23-component-14-users-af-po"}}, {"pk": 9, "model": "files.pofile", "fields": {"untrans": 300, "total": 500, "language": 1, "created": "2009-04-30 20:53:13", "trans_perc": 20, "component": 9, "modified": "2009-04-30 20:53:13", "filename": "users.af.po", "release": 1, "fuzzy_perc": 20, "untrans_perc": 60, "fuzzy": 100, "trans": 100, "slug": "release-1-component-33-users-af-po"}}, {"pk": 176, "model": "files.pofile", "fields": {"untrans": 300, "total": 500, "language": 1, "created": "2009-04-30 20:53:13", "trans_perc": 20, "component": 8, "modified": "2009-04-30 20:53:13", "filename": "users.af.po", "release": 15, "fuzzy_perc": 20, "untrans_perc": 60, "fuzzy": 100, "trans": 100, "slug": "release-35-component-23-users-af-po"}}, {"pk": 162, "model": "files.pofile", "fields": {"untrans": 300, "total": 500, "language": 1, "created": "2009-04-30 20:53:13", "trans_perc": 20, "component": 6, "modified": "2009-04-30 20:53:13", "filename": "users.af.po", "release": 14, "fuzzy_perc": 20, "untrans_perc": 60, "fuzzy": 100, "trans": 100, "slug": "release-24-component-32-users-af-po"}}, {"pk": 28, "model": "files.pofile", "fields": {"untrans": 300, "total": 500, "language": 1, "created": "2009-04-30 20:53:13", "trans_perc": 20, "component": 4, "modified": "2009-04-30 20:53:13", "filename": "users.af.po", "release": 3, "fuzzy_perc": 20, "untrans_perc": 60, "fuzzy": 100, "trans": 100, "slug": "release-3-component-12-users-af-po"}}, {"pk": 67, "model": "files.pofile", "fields": {"untrans": 300, "total": 500, "language": 1, "created": "2009-04-30 20:53:13", "trans_perc": 20, "component": 7, "modified": "2009-04-30 20:53:13", "filename": "users.af.po", "release": 6, "fuzzy_perc": 20, "untrans_perc": 60, "fuzzy": 100, "trans": 100, "slug": "release-22-component-13-users-af-po"}}, {"pk": 53, "model": "files.pofile", "fields": {"untrans": 300, "total": 500, "language": 1, "created": "2009-04-30 20:53:13", "trans_perc": 20, "component": 5, "modified": "2009-04-30 20:53:13", "filename": "users.af.po", "release": 5, "fuzzy_perc": 20, "untrans_perc": 60, "fuzzy": 100, "trans": 100, "slug": "release-11-component-22-users-af-po"}}, {"pk": 136, "model": "files.pofile", "fields": {"untrans": 300, "total": 500, "language": 1, "created": "2009-04-30 20:53:13", "trans_perc": 20, "component": 4, "modified": "2009-04-30 20:53:13", "filename": "users.af.po", "release": 12, "fuzzy_perc": 20, "untrans_perc": 60, "fuzzy": 100, "trans": 100, "slug": "release-45-component-12-users-af-po"}}, {"pk": 111, "model": "files.pofile", "fields": {"untrans": 300, "total": 500, "language": 1, "created": "2009-04-30 20:53:13", "trans_perc": 20, "component": 3, "modified": "2009-04-30 20:53:13", "filename": "users.af.po", "release": 10, "fuzzy_perc": 20, "untrans_perc": 60, "fuzzy": 100, "trans": 100, "slug": "release-23-component-3-users-af-po"}}, {"pk": 86, "model": "files.pofile", "fields": {"untrans": 300, "total": 500, "language": 1, "created": "2009-04-30 20:53:13", "trans_perc": 20, "component": 2, "modified": "2009-04-30 20:53:13", "filename": "users.af.po", "release": 8, "fuzzy_perc": 20, "untrans_perc": 60, "fuzzy": 100, "trans": 100, "slug": "release-44-component-2-users-af-po"}}, {"pk": 169, "model": "files.pofile", "fields": {"untrans": 300, "total": 500, "language": 1, "created": "2009-04-30 20:53:13", "trans_perc": 20, "component": 1, "modified": "2009-04-30 20:53:13", "filename": "users.af.po", "release": 15, "fuzzy_perc": 20, "untrans_perc": 60, "fuzzy": 100, "trans": 100, "slug": "release-35-component-1-users-af-po"}}, {"pk": 155, "model": "files.pofile", "fields": {"untrans": 300, "total": 500, "language": 1, "created": "2009-04-30 20:53:13", "trans_perc": 20, "component": 11, "modified": "2009-04-30 20:53:13", "filename": "users.af.po", "release": 13, "fuzzy_perc": 20, "untrans_perc": 60, "fuzzy": 100, "trans": 100, "slug": "release-13-component-24-users-af-po"}}, {"pk": 2, "model": "files.pofile", "fields": {"untrans": 300, "total": 500, "language": 1, "created": "2009-04-30 20:53:13", "trans_perc": 20, "component": 2, "modified": "2009-04-30 20:53:13", "filename": "users.af.po", "release": 1, "fuzzy_perc": 20, "untrans_perc": 60, "fuzzy": 100, "trans": 100, "slug": "release-1-component-2-users-af-po"}}, {"pk": 60, "model": "files.pofile", "fields": {"untrans": 300, "total": 500, "language": 1, "created": "2009-04-30 20:53:13", "trans_perc": 20, "component": 12, "modified": "2009-04-30 20:53:13", "filename": "users.af.po", "release": 5, "fuzzy_perc": 20, "untrans_perc": 60, "fuzzy": 100, "trans": 100, "slug": "release-11-component-34-users-af-po"}}, {"pk": 46, "model": "files.pofile", "fields": {"untrans": 300, "total": 500, "language": 1, "created": "2009-04-30 20:53:13", "trans_perc": 20, "component": 10, "modified": "2009-04-30 20:53:13", "filename": "users.af.po", "release": 4, "fuzzy_perc": 20, "untrans_perc": 60, "fuzzy": 100, "trans": 100, "slug": "release-4-component-14-users-af-po"}}, {"pk": 21, "model": "files.pofile", "fields": {"untrans": 300, "total": 500, "language": 1, "created": "2009-04-30 20:53:13", "trans_perc": 20, "component": 9, "modified": "2009-04-30 20:53:13", "filename": "users.af.po", "release": 2, "fuzzy_perc": 20, "untrans_perc": 60, "fuzzy": 100, "trans": 100, "slug": "release-2-component-33-users-af-po"}}, {"pk": 104, "model": "files.pofile", "fields": {"untrans": 300, "total": 500, "language": 1, "created": "2009-04-30 20:53:13", "trans_perc": 20, "component": 8, "modified": "2009-04-30 20:53:13", "filename": "users.af.po", "release": 9, "fuzzy_perc": 20, "untrans_perc": 60, "fuzzy": 100, "trans": 100, "slug": "release-12-component-23-users-af-po"}}, {"pk": 79, "model": "files.pofile", "fields": {"untrans": 300, "total": 500, "language": 1, "created": "2009-04-30 20:53:13", "trans_perc": 20, "component": 7, "modified": "2009-04-30 20:53:13", "filename": "users.af.po", "release": 7, "fuzzy_perc": 20, "untrans_perc": 60, "fuzzy": 100, "trans": 100, "slug": "release-33-component-13-users-af-po"}}, {"pk": 129, "model": "files.pofile", "fields": {"untrans": 300, "total": 500, "language": 1, "created": "2009-04-30 20:53:13", "trans_perc": 20, "component": 9, "modified": "2009-04-30 20:53:13", "filename": "users.af.po", "release": 11, "fuzzy_perc": 20, "untrans_perc": 60, "fuzzy": 100, "trans": 100, "slug": "release-34-component-33-users-af-po"}}, {"pk": 148, "model": "files.pofile", "fields": {"untrans": 300, "total": 500, "language": 1, "created": "2009-04-30 20:53:13", "trans_perc": 20, "component": 4, "modified": "2009-04-30 20:53:13", "filename": "users.af.po", "release": 13, "fuzzy_perc": 20, "untrans_perc": 60, "fuzzy": 100, "trans": 100, "slug": "release-13-component-12-users-af-po"}}, {"pk": 187, "model": "files.pofile", "fields": {"untrans": 300, "total": 500, "language": 1, "created": "2009-04-30 20:53:13", "trans_perc": 20, "component": 7, "modified": "2009-04-30 20:53:13", "filename": "users.af.po", "release": 16, "fuzzy_perc": 20, "untrans_perc": 60, "fuzzy": 100, "trans": 100, "slug": "release-46-component-13-users-af-po"}}, {"pk": 98, "model": "files.pofile", "fields": {"untrans": 300, "total": 500, "language": 1, "created": "2009-04-30 20:53:13", "trans_perc": 20, "component": 2, "modified": "2009-04-30 20:53:13", "filename": "users.af.po", "release": 9, "fuzzy_perc": 20, "untrans_perc": 60, "fuzzy": 100, "trans": 100, "slug": "release-12-component-2-users-af-po"}}, {"pk": 39, "model": "files.pofile", "fields": {"untrans": 300, "total": 500, "language": 1, "created": "2009-04-30 20:53:13", "trans_perc": 20, "component": 3, "modified": "2009-04-30 20:53:13", "filename": "users.af.po", "release": 4, "fuzzy_perc": 20, "untrans_perc": 60, "fuzzy": 100, "trans": 100, "slug": "release-4-component-3-users-af-po"}}, {"pk": 14, "model": "files.pofile", "fields": {"untrans": 300, "total": 500, "language": 1, "created": "2009-04-30 20:53:13", "trans_perc": 20, "component": 2, "modified": "2009-04-30 20:53:13", "filename": "users.af.po", "release": 2, "fuzzy_perc": 20, "untrans_perc": 60, "fuzzy": 100, "trans": 100, "slug": "release-2-component-2-users-af-po"}}, {"pk": 181, "model": "files.pofile", "fields": {"untrans": 300, "total": 500, "language": 1, "created": "2009-04-30 20:53:13", "trans_perc": 20, "component": 1, "modified": "2009-04-30 20:53:13", "filename": "users.af.po", "release": 16, "fuzzy_perc": 20, "untrans_perc": 60, "fuzzy": 100, "trans": 100, "slug": "release-46-component-1-users-af-po"}}, {"pk": 72, "model": "files.pofile", "fields": {"untrans": 300, "total": 500, "language": 1, "created": "2009-04-30 20:53:13", "trans_perc": 20, "component": 12, "modified": "2009-04-30 20:53:13", "filename": "users.af.po", "release": 6, "fuzzy_perc": 20, "untrans_perc": 60, "fuzzy": 100, "trans": 100, "slug": "release-22-component-34-users-af-po"}}, {"pk": 58, "model": "files.pofile", "fields": {"untrans": 300, "total": 500, "language": 1, "created": "2009-04-30 20:53:13", "trans_perc": 20, "component": 10, "modified": "2009-04-30 20:53:13", "filename": "users.af.po", "release": 5, "fuzzy_perc": 20, "untrans_perc": 60, "fuzzy": 100, "trans": 100, "slug": "release-11-component-14-users-af-po"}}, {"pk": 33, "model": "files.pofile", "fields": {"untrans": 300, "total": 500, "language": 1, "created": "2009-04-30 20:53:13", "trans_perc": 20, "component": 9, "modified": "2009-04-30 20:53:13", "filename": "users.af.po", "release": 3, "fuzzy_perc": 20, "untrans_perc": 60, "fuzzy": 100, "trans": 100, "slug": "release-3-component-33-users-af-po"}}, {"pk": 116, "model": "files.pofile", "fields": {"untrans": 300, "total": 500, "language": 1, "created": "2009-04-30 20:53:13", "trans_perc": 20, "component": 8, "modified": "2009-04-30 20:53:13", "filename": "users.af.po", "release": 10, "fuzzy_perc": 20, "untrans_perc": 60, "fuzzy": 100, "trans": 100, "slug": "release-23-component-23-users-af-po"}}, {"pk": 91, "model": "files.pofile", "fields": {"untrans": 300, "total": 500, "language": 1, "created": "2009-04-30 20:53:13", "trans_perc": 20, "component": 7, "modified": "2009-04-30 20:53:13", "filename": "users.af.po", "release": 8, "fuzzy_perc": 20, "untrans_perc": 60, "fuzzy": 100, "trans": 100, "slug": "release-44-component-13-users-af-po"}}, {"pk": 141, "model": "files.pofile", "fields": {"untrans": 300, "total": 500, "language": 1, "created": "2009-04-30 20:53:13", "trans_perc": 20, "component": 9, "modified": "2009-04-30 20:53:13", "filename": "users.af.po", "release": 12, "fuzzy_perc": 20, "untrans_perc": 60, "fuzzy": 100, "trans": 100, "slug": "release-45-component-33-users-af-po"}}, {"pk": 7, "model": "files.pofile", "fields": {"untrans": 300, "total": 500, "language": 1, "created": "2009-04-30 20:53:13", "trans_perc": 20, "component": 7, "modified": "2009-04-30 20:53:13", "filename": "users.af.po", "release": 1, "fuzzy_perc": 20, "untrans_perc": 60, "fuzzy": 100, "trans": 100, "slug": "release-1-component-13-users-af-po"}}, {"pk": 174, "model": "files.pofile", "fields": {"untrans": 300, "total": 500, "language": 1, "created": "2009-04-30 20:53:13", "trans_perc": 20, "component": 6, "modified": "2009-04-30 20:53:13", "filename": "users.af.po", "release": 15, "fuzzy_perc": 20, "untrans_perc": 60, "fuzzy": 100, "trans": 100, "slug": "release-35-component-32-users-af-po"}}, {"pk": 160, "model": "files.pofile", "fields": {"untrans": 300, "total": 500, "language": 1, "created": "2009-04-30 20:53:13", "trans_perc": 20, "component": 4, "modified": "2009-04-30 20:53:13", "filename": "users.af.po", "release": 14, "fuzzy_perc": 20, "untrans_perc": 60, "fuzzy": 100, "trans": 100, "slug": "release-24-component-12-users-af-po"}}, {"pk": 51, "model": "files.pofile", "fields": {"untrans": 300, "total": 500, "language": 1, "created": "2009-04-30 20:53:13", "trans_perc": 20, "component": 3, "modified": "2009-04-30 20:53:13", "filename": "users.af.po", "release": 5, "fuzzy_perc": 20, "untrans_perc": 60, "fuzzy": 100, "trans": 100, "slug": "release-11-component-3-users-af-po"}}, {"pk": 26, "model": "files.pofile", "fields": {"untrans": 300, "total": 500, "language": 1, "created": "2009-04-30 20:53:13", "trans_perc": 20, "component": 2, "modified": "2009-04-30 20:53:13", "filename": "users.af.po", "release": 3, "fuzzy_perc": 20, "untrans_perc": 60, "fuzzy": 100, "trans": 100, "slug": "release-3-component-2-users-af-po"}}, {"pk": 65, "model": "files.pofile", "fields": {"untrans": 300, "total": 500, "language": 1, "created": "2009-04-30 20:53:13", "trans_perc": 20, "component": 5, "modified": "2009-04-30 20:53:13", "filename": "users.af.po", "release": 6, "fuzzy_perc": 20, "untrans_perc": 60, "fuzzy": 100, "trans": 100, "slug": "release-22-component-22-users-af-po"}}, {"pk": 84, "model": "files.pofile", "fields": {"untrans": 300, "total": 500, "language": 1, "created": "2009-04-30 20:53:13", "trans_perc": 20, "component": 12, "modified": "2009-04-30 20:53:13", "filename": "users.af.po", "release": 7, "fuzzy_perc": 20, "untrans_perc": 60, "fuzzy": 100, "trans": 100, "slug": "release-33-component-34-users-af-po"}}, {"pk": 134, "model": "files.pofile", "fields": {"untrans": 300, "total": 500, "language": 1, "created": "2009-04-30 20:53:13", "trans_perc": 20, "component": 2, "modified": "2009-04-30 20:53:13", "filename": "users.af.po", "release": 12, "fuzzy_perc": 20, "untrans_perc": 60, "fuzzy": 100, "trans": 100, "slug": "release-45-component-2-users-af-po"}}, {"pk": 109, "model": "files.pofile", "fields": {"untrans": 300, "total": 500, "language": 1, "created": "2009-04-30 20:53:13", "trans_perc": 20, "component": 1, "modified": "2009-04-30 20:53:13", "filename": "users.af.po", "release": 10, "fuzzy_perc": 20, "untrans_perc": 60, "fuzzy": 100, "trans": 100, "slug": "release-23-component-1-users-af-po"}}, {"pk": 167, "model": "files.pofile", "fields": {"untrans": 300, "total": 500, "language": 1, "created": "2009-04-30 20:53:13", "trans_perc": 20, "component": 11, "modified": "2009-04-30 20:53:13", "filename": "users.af.po", "release": 14, "fuzzy_perc": 20, "untrans_perc": 60, "fuzzy": 100, "trans": 100, "slug": "release-24-component-24-users-af-po"}}, {"pk": 153, "model": "files.pofile", "fields": {"untrans": 300, "total": 500, "language": 1, "created": "2009-04-30 20:53:13", "trans_perc": 20, "component": 9, "modified": "2009-04-30 20:53:13", "filename": "users.af.po", "release": 13, "fuzzy_perc": 20, "untrans_perc": 60, "fuzzy": 100, "trans": 100, "slug": "release-13-component-33-users-af-po"}}, {"pk": 192, "model": "files.pofile", "fields": {"untrans": 300, "total": 500, "language": 1, "created": "2009-04-30 20:53:13", "trans_perc": 20, "component": 12, "modified": "2009-04-30 20:53:13", "filename": "users.af.po", "release": 16, "fuzzy_perc": 20, "untrans_perc": 60, "fuzzy": 100, "trans": 100, "slug": "release-46-component-34-users-af-po"}}, {"pk": 19, "model": "files.pofile", "fields": {"untrans": 300, "total": 500, "language": 1, "created": "2009-04-30 20:53:13", "trans_perc": 20, "component": 7, "modified": "2009-04-30 20:53:13", "filename": "users.af.po", "release": 2, "fuzzy_perc": 20, "untrans_perc": 60, "fuzzy": 100, "trans": 100, "slug": "release-2-component-13-users-af-po"}}, {"pk": 186, "model": "files.pofile", "fields": {"untrans": 300, "total": 500, "language": 1, "created": "2009-04-30 20:53:13", "trans_perc": 20, "component": 6, "modified": "2009-04-30 20:53:13", "filename": "users.af.po", "release": 16, "fuzzy_perc": 20, "untrans_perc": 60, "fuzzy": 100, "trans": 100, "slug": "release-46-component-32-users-af-po"}}, {"pk": 44, "model": "files.pofile", "fields": {"untrans": 300, "total": 500, "language": 1, "created": "2009-04-30 20:53:13", "trans_perc": 20, "component": 8, "modified": "2009-04-30 20:53:13", "filename": "users.af.po", "release": 4, "fuzzy_perc": 20, "untrans_perc": 60, "fuzzy": 100, "trans": 100, "slug": "release-4-component-23-users-af-po"}}, {"pk": 127, "model": "files.pofile", "fields": {"untrans": 300, "total": 500, "language": 1, "created": "2009-04-30 20:53:13", "trans_perc": 20, "component": 7, "modified": "2009-04-30 20:53:13", "filename": "users.af.po", "release": 11, "fuzzy_perc": 20, "untrans_perc": 60, "fuzzy": 100, "trans": 100, "slug": "release-34-component-13-users-af-po"}}, {"pk": 102, "model": "files.pofile", "fields": {"untrans": 300, "total": 500, "language": 1, "created": "2009-04-30 20:53:13", "trans_perc": 20, "component": 6, "modified": "2009-04-30 20:53:13", "filename": "users.af.po", "release": 9, "fuzzy_perc": 20, "untrans_perc": 60, "fuzzy": 100, "trans": 100, "slug": "release-12-component-32-users-af-po"}}, {"pk": 77, "model": "files.pofile", "fields": {"untrans": 300, "total": 500, "language": 1, "created": "2009-04-30 20:53:13", "trans_perc": 20, "component": 5, "modified": "2009-04-30 20:53:13", "filename": "users.af.po", "release": 7, "fuzzy_perc": 20, "untrans_perc": 60, "fuzzy": 100, "trans": 100, "slug": "release-33-component-22-users-af-po"}}, {"pk": 146, "model": "files.pofile", "fields": {"untrans": 300, "total": 500, "language": 1, "created": "2009-04-30 20:53:13", "trans_perc": 20, "component": 2, "modified": "2009-04-30 20:53:13", "filename": "users.af.po", "release": 13, "fuzzy_perc": 20, "untrans_perc": 60, "fuzzy": 100, "trans": 100, "slug": "release-13-component-2-users-af-po"}}, {"pk": 121, "model": "files.pofile", "fields": {"untrans": 300, "total": 500, "language": 1, "created": "2009-04-30 20:53:13", "trans_perc": 20, "component": 1, "modified": "2009-04-30 20:53:13", "filename": "users.af.po", "release": 11, "fuzzy_perc": 20, "untrans_perc": 60, "fuzzy": 100, "trans": 100, "slug": "release-34-component-1-users-af-po"}}, {"pk": 96, "model": "files.pofile", "fields": {"untrans": 300, "total": 500, "language": 1, "created": "2009-04-30 20:53:13", "trans_perc": 20, "component": 12, "modified": "2009-04-30 20:53:13", "filename": "users.af.po", "release": 8, "fuzzy_perc": 20, "untrans_perc": 60, "fuzzy": 100, "trans": 100, "slug": "release-44-component-34-users-af-po"}}, {"pk": 179, "model": "files.pofile", "fields": {"untrans": 300, "total": 500, "language": 1, "created": "2009-04-30 20:53:13", "trans_perc": 20, "component": 11, "modified": "2009-04-30 20:53:13", "filename": "users.af.po", "release": 15, "fuzzy_perc": 20, "untrans_perc": 60, "fuzzy": 100, "trans": 100, "slug": "release-35-component-24-users-af-po"}}, {"pk": 37, "model": "files.pofile", "fields": {"untrans": 300, "total": 500, "language": 1, "created": "2009-04-30 20:53:13", "trans_perc": 20, "component": 1, "modified": "2009-04-30 20:53:13", "filename": "users.af.po", "release": 4, "fuzzy_perc": 20, "untrans_perc": 60, "fuzzy": 100, "trans": 100, "slug": "release-4-component-1-users-af-po"}}, {"pk": 12, "model": "files.pofile", "fields": {"untrans": 300, "total": 500, "language": 1, "created": "2009-04-30 20:53:13", "trans_perc": 20, "component": 12, "modified": "2009-04-30 20:53:13", "filename": "users.af.po", "release": 1, "fuzzy_perc": 20, "untrans_perc": 60, "fuzzy": 100, "trans": 100, "slug": "release-1-component-34-users-af-po"}}, {"pk": 31, "model": "files.pofile", "fields": {"untrans": 300, "total": 500, "language": 1, "created": "2009-04-30 20:53:13", "trans_perc": 20, "component": 7, "modified": "2009-04-30 20:53:13", "filename": "users.af.po", "release": 3, "fuzzy_perc": 20, "untrans_perc": 60, "fuzzy": 100, "trans": 100, "slug": "release-3-component-13-users-af-po"}}, {"pk": 70, "model": "files.pofile", "fields": {"untrans": 300, "total": 500, "language": 1, "created": "2009-04-30 20:53:13", "trans_perc": 20, "component": 10, "modified": "2009-04-30 20:53:13", "filename": "users.af.po", "release": 6, "fuzzy_perc": 20, "untrans_perc": 60, "fuzzy": 100, "trans": 100, "slug": "release-22-component-14-users-af-po"}}, {"pk": 56, "model": "files.pofile", "fields": {"untrans": 300, "total": 500, "language": 1, "created": "2009-04-30 20:53:13", "trans_perc": 20, "component": 8, "modified": "2009-04-30 20:53:13", "filename": "users.af.po", "release": 5, "fuzzy_perc": 20, "untrans_perc": 60, "fuzzy": 100, "trans": 100, "slug": "release-11-component-23-users-af-po"}}, {"pk": 3, "model": "files.pofilelock", "fields": {"owner": 1, "created": "2009-04-30 21:13:09", "pofile": 1}}, {"pk": 1, "model": "languages.language", "fields": {"code": "af", "name": "Afrikaans"}}, {"pk": 2, "model": "languages.language", "fields": {"code": "sq", "name": "Albanian"}}, {"pk": 3, "model": "languages.language", "fields": {"code": "am", "name": "Amharic"}}, {"pk": 4, "model": "languages.language", "fields": {"code": "ar", "name": "Arabic"}}, {"pk": 5, "model": "languages.language", "fields": {"code": "hy", "name": "Armenian"}}, {"pk": 6, "model": "languages.language", "fields": {"code": "as", "name": "Assamese"}}, {"pk": 7, "model": "languages.language", "fields": {"code": "az", "name": "Azerbaijani"}}, {"pk": 8, "model": "languages.language", "fields": {"code": "bal", "name": "Balochi"}}, {"pk": 9, "model": "languages.language", "fields": {"code": "eu", "name": "Basque"}}, {"pk": 10, "model": "languages.language", "fields": {"code": "eu_ES", "name": "Basque eu_ES"}}, {"pk": 11, "model": "languages.language", "fields": {"code": "be", "name": "Belarusian"}}, {"pk": 12, "model": "languages.language", "fields": {"code": "be@latin", "name": "Belarusian Latin"}}, {"pk": 13, "model": "languages.language", "fields": {"code": "bn", "name": "Bengali"}}, {"pk": 14, "model": "languages.language", "fields": {"code": "bn_IN", "name": "Bengali (India)"}}, {"pk": 15, "model": "languages.language", "fields": {"code": "bs", "name": "Bosnian"}}, {"pk": 16, "model": "languages.language", "fields": {"code": "pt_BR", "name": "Brazilian Portuguese"}}, {"pk": 17, "model": "languages.language", "fields": {"code": "en_GB", "name": "British English"}}, {"pk": 18, "model": "languages.language", "fields": {"code": "bg", "name": "Bulgarian"}}, {"pk": 19, "model": "languages.language", "fields": {"code": "my", "name": "Burmese"}}, {"pk": 20, "model": "languages.language", "fields": {"code": "ca", "name": "Catalan"}}, {"pk": 21, "model": "languages.language", "fields": {"code": "zh_CN", "name": "Chinese (Simplified)"}}, {"pk": 22, "model": "languages.language", "fields": {"code": "zh_TW", "name": "Chinese (Traditional)"}}, {"pk": 23, "model": "languages.language", "fields": {"code": "hr", "name": "Croatian"}}, {"pk": 24, "model": "languages.language", "fields": {"code": "cs", "name": "Czech"}}, {"pk": 25, "model": "languages.language", "fields": {"code": "da", "name": "Danish"}}, {"pk": 26, "model": "languages.language", "fields": {"code": "nl", "name": "Dutch"}}, {"pk": 27, "model": "languages.language", "fields": {"code": "dz", "name": "Dzongkha"}}, {"pk": 28, "model": "languages.language", "fields": {"code": "et", "name": "Estonian"}}, {"pk": 29, "model": "languages.language", "fields": {"code": "fi", "name": "Finnish"}}, {"pk": 30, "model": "languages.language", "fields": {"code": "fr", "name": "French"}}, {"pk": 31, "model": "languages.language", "fields": {"code": "gl", "name": "Galician"}}, {"pk": 32, "model": "languages.language", "fields": {"code": "ka", "name": "Georgian"}}, {"pk": 33, "model": "languages.language", "fields": {"code": "de", "name": "German"}}, {"pk": 34, "model": "languages.language", "fields": {"code": "el", "name": "Greek"}}, {"pk": 35, "model": "languages.language", "fields": {"code": "gu", "name": "Gujarati"}}, {"pk": 36, "model": "languages.language", "fields": {"code": "he", "name": "Hebrew"}}, {"pk": 37, "model": "languages.language", "fields": {"code": "hi", "name": "Hindi"}}, {"pk": 38, "model": "languages.language", "fields": {"code": "hu", "name": "Hungarian"}}, {"pk": 39, "model": "languages.language", "fields": {"code": "is", "name": "Icelandic"}}, {"pk": 40, "model": "languages.language", "fields": {"code": "ilo", "name": "Iloko"}}, {"pk": 41, "model": "languages.language", "fields": {"code": "id", "name": "Indonesian"}}, {"pk": 42, "model": "languages.language", "fields": {"code": "it", "name": "Italian"}}, {"pk": 43, "model": "languages.language", "fields": {"code": "ja", "name": "Japanese"}}, {"pk": 44, "model": "languages.language", "fields": {"code": "kn", "name": "Kannada"}}, {"pk": 45, "model": "languages.language", "fields": {"code": "ko", "name": "Korean"}}, {"pk": 46, "model": "languages.language", "fields": {"code": "ku", "name": "Kurdish"}}, {"pk": 47, "model": "languages.language", "fields": {"code": "lo", "name": "Lao"}}, {"pk": 48, "model": "languages.language", "fields": {"code": "lv", "name": "Latvian"}}, {"pk": 49, "model": "languages.language", "fields": {"code": "lt", "name": "Lithuanian"}}, {"pk": 50, "model": "languages.language", "fields": {"code": "mk", "name": "Macedonian"}}, {"pk": 51, "model": "languages.language", "fields": {"code": "mai", "name": "Maithili"}}, {"pk": 52, "model": "languages.language", "fields": {"code": "ms", "name": "Malay"}}, {"pk": 53, "model": "languages.language", "fields": {"code": "ml", "name": "Malayalam"}}, {"pk": 54, "model": "languages.language", "fields": {"code": "mr", "name": "Marathi"}}, {"pk": 55, "model": "languages.language", "fields": {"code": "mn", "name": "Mongolian"}}, {"pk": 56, "model": "languages.language", "fields": {"code": "ne", "name": "Nepali"}}, {"pk": 57, "model": "languages.language", "fields": {"code": "nso", "name": "Northern Sotho"}}, {"pk": 58, "model": "languages.language", "fields": {"code": "no", "name": "Norwegian"}}, {"pk": 59, "model": "languages.language", "fields": {"code": "nb", "name": "Norwegian Bokm\u00e5l"}}, {"pk": 60, "model": "languages.language", "fields": {"code": "nn", "name": "Norwegian Nynorsk"}}, {"pk": 61, "model": "languages.language", "fields": {"code": "or", "name": "Oriya"}}, {"pk": 62, "model": "languages.language", "fields": {"code": "fa", "name": "Persian"}}, {"pk": 63, "model": "languages.language", "fields": {"code": "pl", "name": "Polish"}}, {"pk": 64, "model": "languages.language", "fields": {"code": "pt", "name": "Portuguese"}}, {"pk": 65, "model": "languages.language", "fields": {"code": "pa", "name": "Punjabi"}}, {"pk": 66, "model": "languages.language", "fields": {"code": "ro", "name": "Romanian"}}, {"pk": 67, "model": "languages.language", "fields": {"code": "ru", "name": "Russian"}}, {"pk": 68, "model": "languages.language", "fields": {"code": "sr", "name": "Serbian"}}, {"pk": 69, "model": "languages.language", "fields": {"code": "si", "name": "Sinhala"}}, {"pk": 70, "model": "languages.language", "fields": {"code": "sk", "name": "Slovak"}}, {"pk": 71, "model": "languages.language", "fields": {"code": "sl", "name": "Slovenian"}}, {"pk": 72, "model": "languages.language", "fields": {"code": "es", "name": "Spanish"}}, {"pk": 73, "model": "languages.language", "fields": {"code": "sv", "name": "Swedish"}}, {"pk": 74, "model": "languages.language", "fields": {"code": "tl", "name": "Tagalog"}}, {"pk": 75, "model": "languages.language", "fields": {"code": "tg", "name": "Tajik"}}, {"pk": 76, "model": "languages.language", "fields": {"code": "ta", "name": "Tamil"}}, {"pk": 77, "model": "languages.language", "fields": {"code": "te", "name": "Telugu"}}, {"pk": 78, "model": "languages.language", "fields": {"code": "th", "name": "Thai"}}, {"pk": 79, "model": "languages.language", "fields": {"code": "tr", "name": "Turkish"}}, {"pk": 80, "model": "languages.language", "fields": {"code": "uk", "name": "Ukrainian"}}, {"pk": 81, "model": "languages.language", "fields": {"code": "ur", "name": "Urdu"}}, {"pk": 82, "model": "languages.language", "fields": {"code": "vi", "name": "Vietnamese"}}, {"pk": 83, "model": "languages.language", "fields": {"code": "cy", "name": "Welsh"}}, {"pk": 84, "model": "languages.language", "fields": {"code": "zu", "name": "Zulu"}}, {"pk": 1, "model": "teams.team", "fields": {"project": 1, "coordinators": [1], "members": [2], "language": 1}}, {"pk": 2, "model": "teams.team", "fields": {"project": 2, "coordinators": [1], "members": [3], "language": 1}}, {"pk": 3, "model": "teams.team", "fields": {"project": 3, "coordinators": [1], "members": [4], "language": 1}}, {"pk": 4, "model": "teams.team", "fields": {"project": 4, "coordinators": [1], "members": [5], "language": 1}}, {"pk": 1, "model": "profile.userfile", "fields": {"last_update": "2009-04-30 21:13:09", "user": 1, "pofile": 1}}]
